[Licensing::Module] Trying to connect to existing licensing client channel...
[Licensing::IpcConnector] Successfully connected to: "LicenseClient-alfam" at "2026-09-03T06:01:44.0484899Z"
[Licensing::Client] Code 10 while verifying Licensing Client signature (process Id: 75112, path: "C:/Program Files/Unity Hub/UnityLicensingClient_V1/Unity.Licensing.Client.exe")
[Licensing::Module] LicensingClient has failed validation; ignoring
[Licensing::Client] Handshaking with LicensingClient:
  Version:                 1.17.4+4293ba1
  Session Id:              df3d3a99daef485d875a887182d2a9e2
  Correlation Id:          bad74e8f3d371516c8b278c2d0dd2370
  External correlation Id: 4742026585967921783
  Machine Id:              w/YYhqTbI58KmjnWs+qmgwMdCh0=
[Licensing::Module] Successfully connected to LicensingClient on channel: "LicenseClient-alfam" (connect: 0.00s, validation: 0.01s, handshake: 0.06s)
[Licensing::IpcConnector] Successfully connected to: "LicenseClient-alfam-notifications" at "2026-09-03T06:01:44.1156953Z"
[Licensing::Module] Error: Access token is unavailable; failed to update
[Licensing::Client] Successfully updated license
Built from '2022.3/respin/2022.3.62f2-4af31df585-v2' branch; Version is '2022.3.62f2 (7670c08855a9) revision 7762112'; Using compiler version '192829333'; Build Type 'Release'
OS: 'Windows 11  (10.0.26200) 64bit Professional' Language: 'ja' Physical Memory: 16301 MB
[Licensing::Client] Successfully resolved entitlement details
[Licensing::Module] Serial number assigned to: "F4-Z9K7-CY2E-RRX6-3KQZ-XXXX"
[Licensing::Module] Serial number assigned to: "15668126450395-UnityPersXXXX"
BatchMode: 1, IsHumanControllingUs: 0, StartBugReporterOnCrash: 0, Is64bit: 1, IsPro: 0
[Licensing::Client] Successfully resolved entitlement details
[Licensing::Module] Serial number assigned to: "F4-Z9K7-CY2E-RRX6-3KQZ-XXXX"
[Licensing::Module] Serial number assigned to: "15668126450395-UnityPersXXXX"

COMMAND LINE ARGUMENTS:
C:\Program Files\Unity\Hub\Editor\2022.3.62f2\Editor\Unity.exe
-quit
-batchmode
-nographics
-projectPath
C:/Users/alfam/Documents/NotesShooter_Git
-executeMethod
AndroidBuilder.BuildAndroid
-buildOutput
C:/Users/alfam/Documents/NotesShooter_Build/NotesShooterBuild.apk
-logFile
C:/Users/alfam/Documents/NotesShooter_Git/build.log
Successfully changed project path to: C:/Users/alfam/Documents/NotesShooter_Git
C:/Users/alfam/Documents/NotesShooter_Git
[UnityMemory] Configuration Parameters - Can be set up in boot.config
    "memorysetup-bucket-allocator-granularity=16"
    "memorysetup-bucket-allocator-bucket-count=8"
    "memorysetup-bucket-allocator-block-size=33554432"
    "memorysetup-bucket-allocator-block-count=8"
    "memorysetup-main-allocator-block-size=16777216"
    "memorysetup-thread-allocator-block-size=16777216"
    "memorysetup-gfx-main-allocator-block-size=16777216"
    "memorysetup-gfx-thread-allocator-block-size=16777216"
    "memorysetup-cache-allocator-block-size=4194304"
    "memorysetup-typetree-allocator-block-size=2097152"
    "memorysetup-profiler-bucket-allocator-granularity=16"
    "memorysetup-profiler-bucket-allocator-bucket-count=8"
    "memorysetup-profiler-bucket-allocator-block-size=33554432"
    "memorysetup-profiler-bucket-allocator-block-count=8"
    "memorysetup-profiler-allocator-block-size=16777216"
    "memorysetup-profiler-editor-allocator-block-size=1048576"
    "memorysetup-temp-allocator-size-main=16777216"
    "memorysetup-job-temp-allocator-block-size=2097152"
    "memorysetup-job-temp-allocator-block-size-background=1048576"
    "memorysetup-job-temp-allocator-reduction-small-platforms=262144"
    "memorysetup-allocator-temp-initial-block-size-main=262144"
    "memorysetup-allocator-temp-initial-block-size-worker=262144"
    "memorysetup-temp-allocator-size-background-worker=32768"
    "memorysetup-temp-allocator-size-job-worker=262144"
    "memorysetup-temp-allocator-size-preload-manager=33554432"
    "memorysetup-temp-allocator-size-nav-mesh-worker=65536"
    "memorysetup-temp-allocator-size-audio-worker=65536"
    "memorysetup-temp-allocator-size-cloud-worker=32768"
    "memorysetup-temp-allocator-size-gi-baking-worker=262144"
    "memorysetup-temp-allocator-size-gfx=262144"
Player connection [55140]  Target information:

Player connection [55140]  * "[IP] 192.168.0.33 [Port] 55504 [Flags] 2 [Guid] 4250160468 [EditorId] 4250160468 [Version] 1048832 [Id] WindowsEditor(7,atenai) [Debug] 1 [PackageName] WindowsEditor [ProjectName] Editor" 

Player connection [55140] Host joined multi-casting on [225.0.0.222:54997]...
Player connection [55140] Host joined alternative multi-casting on [225.0.0.222:34997]...
Input System module state changed to: Initialized.
[PhysX] Initialized MultithreadedTaskDispatcher with 8 workers.
[Package Manager] UpmClient::Connect -- Connected to IPC stream "Upm-67396" after 0.4 seconds.
[Package Manager] Restoring resolved packages state from cache
[Licensing::Client] Successfully resolved entitlement details
[Package Manager] Registered 67 packages:
  Packages from [https://packages.unity.com]:
    com.unity.ads@4.16.4 (location: C:\Users\alfam\Documents\NotesShooter_Git\Library\PackageCache\com.unity.ads@4.16.4)
    com.unity.ai.navigation@1.1.6 (location: C:\Users\alfam\Documents\NotesShooter_Git\Library\PackageCache\com.unity.ai.navigation@1.1.6)
    com.unity.analytics@3.8.1 (location: C:\Users\alfam\Documents\NotesShooter_Git\Library\PackageCache\com.unity.analytics@3.8.1)
    com.unity.burst@1.8.21 (location: C:\Users\alfam\Documents\NotesShooter_Git\Library\PackageCache\com.unity.burst@1.8.21)
    com.unity.cinemachine@2.10.3 (location: C:\Users\alfam\Documents\NotesShooter_Git\Library\PackageCache\com.unity.cinemachine@2.10.3)
    com.unity.collab-proxy@2.7.1 (location: C:\Users\alfam\Documents\NotesShooter_Git\Library\PackageCache\com.unity.collab-proxy@2.7.1)
    com.unity.ext.nunit@1.0.6 (location: C:\Users\alfam\Documents\NotesShooter_Git\Library\PackageCache\com.unity.ext.nunit@1.0.6)
    com.unity.ide.rider@3.0.36 (location: C:\Users\alfam\Documents\NotesShooter_Git\Library\PackageCache\com.unity.ide.rider@3.0.36)
    com.unity.ide.visualstudio@2.0.22 (location: C:\Users\alfam\Documents\NotesShooter_Git\Library\PackageCache\com.unity.ide.visualstudio@2.0.22)
    com.unity.ide.vscode@1.2.5 (location: C:\Users\alfam\Documents\NotesShooter_Git\Library\PackageCache\com.unity.ide.vscode@1.2.5)
    com.unity.localization@1.5.2 (location: C:\Users\alfam\Documents\NotesShooter_Git\Library\PackageCache\com.unity.localization@1.5.2)
    com.unity.mathematics@1.2.6 (location: C:\Users\alfam\Documents\NotesShooter_Git\Library\PackageCache\com.unity.mathematics@1.2.6)
    com.unity.mobile.android-logcat@1.4.7 (location: C:\Users\alfam\Documents\NotesShooter_Git\Library\PackageCache\com.unity.mobile.android-logcat@1.4.7)
    com.unity.postprocessing@3.4.0 (location: C:\Users\alfam\Documents\NotesShooter_Git\Library\PackageCache\com.unity.postprocessing@3.4.0)
    com.unity.purchasing@4.11.0 (location: C:\Users\alfam\Documents\NotesShooter_Git\Library\PackageCache\com.unity.purchasing@4.11.0)
    com.unity.searcher@4.9.2 (location: C:\Users\alfam\Documents\NotesShooter_Git\Library\PackageCache\com.unity.searcher@4.9.2)
    com.unity.test-framework@1.1.33 (location: C:\Users\alfam\Documents\NotesShooter_Git\Library\PackageCache\com.unity.test-framework@1.1.33)
    com.unity.textmeshpro@3.0.7 (location: C:\Users\alfam\Documents\NotesShooter_Git\Library\PackageCache\com.unity.textmeshpro@3.0.7)
    com.unity.timeline@1.7.7 (location: C:\Users\alfam\Documents\NotesShooter_Git\Library\PackageCache\com.unity.timeline@1.7.7)
    com.unity.visualscripting@1.9.4 (location: C:\Users\alfam\Documents\NotesShooter_Git\Library\PackageCache\com.unity.visualscripting@1.9.4)
    com.unity.nuget.newtonsoft-json@3.2.1 (location: C:\Users\alfam\Documents\NotesShooter_Git\Library\PackageCache\com.unity.nuget.newtonsoft-json@3.2.1)
    com.unity.services.core@1.14.0 (location: C:\Users\alfam\Documents\NotesShooter_Git\Library\PackageCache\com.unity.services.core@1.14.0)
    com.unity.addressables@1.22.3 (location: C:\Users\alfam\Documents\NotesShooter_Git\Library\PackageCache\com.unity.addressables@1.22.3)
    com.unity.services.analytics@6.0.3 (location: C:\Users\alfam\Documents\NotesShooter_Git\Library\PackageCache\com.unity.services.analytics@6.0.3)
    com.unity.scriptablebuildpipeline@1.21.25 (location: C:\Users\alfam\Documents\NotesShooter_Git\Library\PackageCache\com.unity.scriptablebuildpipeline@1.21.25)
  Built-in packages:
    com.unity.2d.sprite@1.0.0 (location: C:\Users\alfam\Documents\NotesShooter_Git\Library\PackageCache\com.unity.2d.sprite@1.0.0)
    com.unity.2d.tilemap@1.0.0 (location: C:\Users\alfam\Documents\NotesShooter_Git\Library\PackageCache\com.unity.2d.tilemap@1.0.0)
    com.unity.render-pipelines.core@14.0.12 (location: C:\Users\alfam\Documents\NotesShooter_Git\Library\PackageCache\com.unity.render-pipelines.core@14.0.12)
    com.unity.render-pipelines.universal@14.0.12 (location: C:\Users\alfam\Documents\NotesShooter_Git\Library\PackageCache\com.unity.render-pipelines.universal@14.0.12)
    com.unity.shadergraph@14.0.12 (location: C:\Users\alfam\Documents\NotesShooter_Git\Library\PackageCache\com.unity.shadergraph@14.0.12)
    com.unity.ugui@1.0.0 (location: C:\Users\alfam\Documents\NotesShooter_Git\Library\PackageCache\com.unity.ugui@1.0.0)
    com.unity.visualeffectgraph@14.0.12 (location: C:\Users\alfam\Documents\NotesShooter_Git\Library\PackageCache\com.unity.visualeffectgraph@14.0.12)
    com.unity.modules.ai@1.0.0 (location: C:\Users\alfam\Documents\NotesShooter_Git\Library\PackageCache\com.unity.modules.ai@1.0.0)
    com.unity.modules.androidjni@1.0.0 (location: C:\Users\alfam\Documents\NotesShooter_Git\Library\PackageCache\com.unity.modules.androidjni@1.0.0)
    com.unity.modules.animation@1.0.0 (location: C:\Users\alfam\Documents\NotesShooter_Git\Library\PackageCache\com.unity.modules.animation@1.0.0)
    com.unity.modules.assetbundle@1.0.0 (location: C:\Users\alfam\Documents\NotesShooter_Git\Library\PackageCache\com.unity.modules.assetbundle@1.0.0)
    com.unity.modules.audio@1.0.0 (location: C:\Users\alfam\Documents\NotesShooter_Git\Library\PackageCache\com.unity.modules.audio@1.0.0)
    com.unity.modules.cloth@1.0.0 (location: C:\Users\alfam\Documents\NotesShooter_Git\Library\PackageCache\com.unity.modules.cloth@1.0.0)
    com.unity.modules.director@1.0.0 (location: C:\Users\alfam\Documents\NotesShooter_Git\Library\PackageCache\com.unity.modules.director@1.0.0)
    com.unity.modules.imageconversion@1.0.0 (location: C:\Users\alfam\Documents\NotesShooter_Git\Library\PackageCache\com.unity.modules.imageconversion@1.0.0)
    com.unity.modules.imgui@1.0.0 (location: C:\Users\alfam\Documents\NotesShooter_Git\Library\PackageCache\com.unity.modules.imgui@1.0.0)
    com.unity.modules.jsonserialize@1.0.0 (location: C:\Users\alfam\Documents\NotesShooter_Git\Library\PackageCache\com.unity.modules.jsonserialize@1.0.0)
    com.unity.modules.particlesystem@1.0.0 (location: C:\Users\alfam\Documents\NotesShooter_Git\Library\PackageCache\com.unity.modules.particlesystem@1.0.0)
    com.unity.modules.physics@1.0.0 (location: C:\Users\alfam\Documents\NotesShooter_Git\Library\PackageCache\com.unity.modules.physics@1.0.0)
    com.unity.modules.physics2d@1.0.0 (location: C:\Users\alfam\Documents\NotesShooter_Git\Library\PackageCache\com.unity.modules.physics2d@1.0.0)
    com.unity.modules.screencapture@1.0.0 (location: C:\Users\alfam\Documents\NotesShooter_Git\Library\PackageCache\com.unity.modules.screencapture@1.0.0)
    com.unity.modules.subsystems@1.0.0 (location: C:\Users\alfam\Documents\NotesShooter_Git\Library\PackageCache\com.unity.modules.subsystems@1.0.0)
    com.unity.modules.terrain@1.0.0 (location: C:\Users\alfam\Documents\NotesShooter_Git\Library\PackageCache\com.unity.modules.terrain@1.0.0)
    com.unity.modules.terrainphysics@1.0.0 (location: C:\Users\alfam\Documents\NotesShooter_Git\Library\PackageCache\com.unity.modules.terrainphysics@1.0.0)
    com.unity.modules.tilemap@1.0.0 (location: C:\Users\alfam\Documents\NotesShooter_Git\Library\PackageCache\com.unity.modules.tilemap@1.0.0)
    com.unity.modules.ui@1.0.0 (location: C:\Users\alfam\Documents\NotesShooter_Git\Library\PackageCache\com.unity.modules.ui@1.0.0)
    com.unity.modules.uielements@1.0.0 (location: C:\Users\alfam\Documents\NotesShooter_Git\Library\PackageCache\com.unity.modules.uielements@1.0.0)
    com.unity.modules.umbra@1.0.0 (location: C:\Users\alfam\Documents\NotesShooter_Git\Library\PackageCache\com.unity.modules.umbra@1.0.0)
    com.unity.modules.unityanalytics@1.0.0 (location: C:\Users\alfam\Documents\NotesShooter_Git\Library\PackageCache\com.unity.modules.unityanalytics@1.0.0)
    com.unity.modules.unitywebrequest@1.0.0 (location: C:\Users\alfam\Documents\NotesShooter_Git\Library\PackageCache\com.unity.modules.unitywebrequest@1.0.0)
    com.unity.modules.unitywebrequestassetbundle@1.0.0 (location: C:\Users\alfam\Documents\NotesShooter_Git\Library\PackageCache\com.unity.modules.unitywebrequestassetbundle@1.0.0)
    com.unity.modules.unitywebrequestaudio@1.0.0 (location: C:\Users\alfam\Documents\NotesShooter_Git\Library\PackageCache\com.unity.modules.unitywebrequestaudio@1.0.0)
    com.unity.modules.unitywebrequesttexture@1.0.0 (location: C:\Users\alfam\Documents\NotesShooter_Git\Library\PackageCache\com.unity.modules.unitywebrequesttexture@1.0.0)
    com.unity.modules.unitywebrequestwww@1.0.0 (location: C:\Users\alfam\Documents\NotesShooter_Git\Library\PackageCache\com.unity.modules.unitywebrequestwww@1.0.0)
    com.unity.modules.vehicles@1.0.0 (location: C:\Users\alfam\Documents\NotesShooter_Git\Library\PackageCache\com.unity.modules.vehicles@1.0.0)
    com.unity.modules.video@1.0.0 (location: C:\Users\alfam\Documents\NotesShooter_Git\Library\PackageCache\com.unity.modules.video@1.0.0)
    com.unity.modules.vr@1.0.0 (location: C:\Users\alfam\Documents\NotesShooter_Git\Library\PackageCache\com.unity.modules.vr@1.0.0)
    com.unity.modules.wind@1.0.0 (location: C:\Users\alfam\Documents\NotesShooter_Git\Library\PackageCache\com.unity.modules.wind@1.0.0)
    com.unity.modules.xr@1.0.0 (location: C:\Users\alfam\Documents\NotesShooter_Git\Library\PackageCache\com.unity.modules.xr@1.0.0)
    com.unity.render-pipelines.universal-config@14.0.10 (location: C:\Users\alfam\Documents\NotesShooter_Git\Library\PackageCache\com.unity.render-pipelines.universal-config@14.0.10)
  Embedded packages:
    com.singularitygroup.hotreload@file:C:\Users\alfam\Documents\NotesShooter_Git\Packages\com.singularitygroup.hotreload (location: C:\Users\alfam\Documents\NotesShooter_Git\Packages\com.singularitygroup.hotreload)
  Git packages:
    io.github.hatayama.uloopmcp@https://github.com/hatayama/unity-cli-loop.git?path=/Packages/src (location: C:\Users\alfam\Documents\NotesShooter_Git\Library\PackageCache\io.github.hatayama.uloopmcp@3d3d90085c)
[Package Manager] Deprecated packages found in project:
  com.unity.purchasing@4.11.0: Unity IAP 4 is unsupported as of June 8, 2026. IAP 5 is the supported version going forward.
[Subsystems] No new subsystems found in resolved package list.
Package Manager log level set to [2]
[Package Manager] Done registering packages in 0.42 seconds
[Licensing::Client] Successfully resolved entitlement details
[Licensing::Module] Serial number assigned to: "F4-Z9K7-CY2E-RRX6-3KQZ-XXXX"
[Licensing::Module] Serial number assigned to: "15668126450395-UnityPersXXXX"
Refreshing native plugins compatible for Editor in 55.48 ms, found 3 plugins.
Preloading 0 native plugins for Editor in 0.00 ms.
Initialize engine version: 2022.3.62f2 (7670c08855a9)
[Subsystems] Discovering subsystems at path C:/Program Files/Unity/Hub/Editor/2022.3.62f2/Editor/Data/Resources/UnitySubsystems
[Subsystems] Discovering subsystems at path C:/Users/alfam/Documents/NotesShooter_Git/Assets
Forcing GfxDevice: Null
GfxDevice: creating device client; threaded=0; jobified=0
NullGfxDevice:
    Version:  NULL 1.0 [1.0]
    Renderer: Null Device
    Vendor:   Unity Technologies
Shader Hidden/ProbeVolume/VoxelizeScene is not supported: GPU does not support conservative rasterization
[Licensing::Client] Successfully resolved entitlement details
[Licensing::Module] Serial number assigned to: "F4-Z9K7-CY2E-RRX6-3KQZ-XXXX"
[Licensing::Module] Serial number assigned to: "15668126450395-UnityPersXXXX"
Initialize mono
Mono path[0] = 'C:/Program Files/Unity/Hub/Editor/2022.3.62f2/Editor/Data/Managed'
Mono path[1] = 'C:/Program Files/Unity/Hub/Editor/2022.3.62f2/Editor/Data/MonoBleedingEdge/lib/mono/unityjit-win32'
Mono config path = 'C:/Program Files/Unity/Hub/Editor/2022.3.62f2/Editor/Data/MonoBleedingEdge/etc'
Using monoOptions --debugger-agent=transport=dt_socket,embedding=1,server=y,suspend=n,address=127.0.0.1:56396
Using cacheserver namespaces - metadata:defaultmetadata, artifacts:defaultartifacts
Using cacheserver namespaces - metadata:defaultmetadata, artifacts:defaultartifacts
ImportWorker Server TCP listen port: 0
Begin MonoManager ReloadAssembly
Registering precompiled unity dll's ...
Register platform support module: C:/Program Files/Unity/Hub/Editor/2022.3.62f2/Editor/Data/PlaybackEngines/AndroidPlayer/UnityEditor.Android.Extensions.dll
[Licensing::Client] Successfully resolved entitlement details
[Licensing::Module] Serial number assigned to: "F4-Z9K7-CY2E-RRX6-3KQZ-XXXX"
[Licensing::Module] Serial number assigned to: "15668126450395-UnityPersXXXX"
Register platform support module: C:/Program Files/Unity/Hub/Editor/2022.3.62f2/Editor/Data/PlaybackEngines/iOSSupport/UnityEditor.iOS.Extensions.dll
Register platform support module: C:/Program Files/Unity/Hub/Editor/2022.3.62f2/Editor/Data/PlaybackEngines/WindowsStandaloneSupport/UnityEditor.WindowsStandalone.Extensions.dll
[Licensing::Client] Successfully resolved entitlement details
[Licensing::Module] Serial number assigned to: "F4-Z9K7-CY2E-RRX6-3KQZ-XXXX"
[Licensing::Module] Serial number assigned to: "15668126450395-UnityPersXXXX"
Register platform support module: C:/Program Files/Unity/Hub/Editor/2022.3.62f2/Editor/Data/PlaybackEngines/MetroSupport/UnityEditor.UWP.Extensions.dll
Registered in 0.048185 seconds.
- Loaded All Assemblies, in  0.499 seconds
Native extension for UWP target not found
Native extension for WindowsStandalone target not found
[usbmuxd] Start listen thread
[usbmuxd] Listen thread started
Native extension for iOS target not found
Native extension for Android target not found
Android Extension - Scanning For ADB Devices 2355 ms
Mono: successfully reloaded assembly
- Finished resetting the current domain, in  2.695 seconds
Domain Reload Profiling: 3191ms
	BeginReloadAssembly (148ms)
		ExecutionOrderSort (0ms)
		DisableScriptedObjects (0ms)
		BackupInstance (0ms)
		ReleaseScriptingObjects (0ms)
		CreateAndSetChildDomain (1ms)
	RebuildCommonClasses (43ms)
	RebuildNativeTypeToScriptingClass (14ms)
	initialDomainReloadingComplete (115ms)
	LoadAllAssembliesAndSetupDomain (176ms)
		LoadAssemblies (145ms)
		RebuildTransferFunctionScriptingTraits (0ms)
		AnalyzeDomain (172ms)
			TypeCache.Refresh (170ms)
				TypeCache.ScanAssembly (155ms)
			ScanForSourceGeneratedMonoScriptInfo (0ms)
			ResolveRequiredComponents (1ms)
	FinalizeReload (2695ms)
		ReleaseScriptCaches (0ms)
		RebuildScriptCaches (0ms)
		SetupLoadedEditorAssemblies (2643ms)
			LogAssemblyErrors (0ms)
			InitializePlatformSupportModulesInManaged (2462ms)
			SetLoadedEditorAssemblies (4ms)
			RefreshPlugins (0ms)
			BeforeProcessingInitializeOnLoad (3ms)
			ProcessInitializeOnLoadAttributes (126ms)
			ProcessInitializeOnLoadMethodAttributes (48ms)
			AfterProcessingInitializeOnLoad (0ms)
			EditorAssembliesLoaded (0ms)
		ExecutionOrderSort2 (0ms)
		AwakeInstancesAfterBackupRestoration (0ms)
[Licensing::Client] Successfully resolved entitlement details
[Licensing::Module] Serial number assigned to: "F4-Z9K7-CY2E-RRX6-3KQZ-XXXX"
[Licensing::Module] Serial number assigned to: "15668126450395-UnityPersXXXX"
[Licensing::Client] Successfully resolved entitlement details
[Licensing::Module] Serial number assigned to: "F4-Z9K7-CY2E-RRX6-3KQZ-XXXX"
[Licensing::Module] Serial number assigned to: "15668126450395-UnityPersXXXX"
Application.AssetDatabase Initial Refresh Start
info: Microsoft.Hosting.Lifetime[14]
      Now listening on: http://localhost:80
info: Microsoft.Hosting.Lifetime[0]
      Application started. Press Ctrl+C to shut down.
info: Microsoft.Hosting.Lifetime[0]
      Hosting environment: Production
info: Microsoft.Hosting.Lifetime[0]
      Content root path: C:\Users\alfam\Documents\NotesShooter_Git\
info: Microsoft.AspNetCore.Hosting.Diagnostics[1]
      Request starting HTTP/2 POST http://ilpp/UnityILPP.PostProcessing/Ping application/grpc -
info: Microsoft.AspNetCore.Routing.EndpointMiddleware[0]
      Executing endpoint 'gRPC - /UnityILPP.PostProcessing/Ping'
info: Microsoft.AspNetCore.Routing.EndpointMiddleware[1]
      Executed endpoint 'gRPC - /UnityILPP.PostProcessing/Ping'
info: Microsoft.AspNetCore.Hosting.Diagnostics[2]
      Request finished HTTP/2 POST http://ilpp/UnityILPP.PostProcessing/Ping application/grpc - - 200 - application/grpc 46.0817ms
Starting: C:\Program Files\Unity\Hub\Editor\2022.3.62f2\Editor\Data\bee_backend.exe --ipc --defer-dag-verification --dagfile="Library/Bee/1300b0aEDbg.dag" --continue-on-failure --profile="Library/Bee/backend1.traceevents" ScriptAssemblies
WorkingDir: C:/Users/alfam/Documents/NotesShooter_Git
info: Microsoft.AspNetCore.Hosting.Diagnostics[1]
      Request starting HTTP/2 POST http://ilpp/UnityILPP.PostProcessing/ConfigurePostProcessors application/grpc -
info: Microsoft.AspNetCore.Routing.EndpointMiddleware[0]
      Executing endpoint 'gRPC - /UnityILPP.PostProcessing/ConfigurePostProcessors'
warn: Unity.ILPP.Runner.PostProcessingAssemblyLoadContext[0]
      Assembly system.runtime.interopservices.windowsruntime has duplicate hint path. Ignoring "C:\Program Files\Unity\Hub\Editor\2022.3.62f2\Editor\Data\UnityReferenceAssemblies\unity-4.8-api\Facades\System.Runtime.InteropServices.WindowsRuntime.dll" in favor of "C:\Program Files\Unity\Hub\Editor\2022.3.62f2\Editor\Data\NetStandard\Extensions\2.0.0\System.Runtime.InteropServices.WindowsRuntime.dll"
warn: Unity.ILPP.Runner.PostProcessingAssemblyLoadContext[0]
      Assembly system.componentmodel.composition has duplicate hint path. Ignoring "C:\Program Files\Unity\Hub\Editor\2022.3.62f2\Editor\Data\UnityReferenceAssemblies\unity-4.8-api\System.ComponentModel.Composition.dll" in favor of "C:\Program Files\Unity\Hub\Editor\2022.3.62f2\Editor\Data\NetStandard\compat\2.1.0\shims\netfx\System.ComponentModel.Composition.dll"
info: Unity.ILPP.Runner.PostProcessingAssemblyLoadContext[0]
      Resolved Unity.Burst.Cecil, Version=0.11.4.0, Culture=neutral, PublicKeyToken=50cebf1cceb9d05e with Library\PackageCache\com.unity.burst@1.8.21\Unity.Burst.CodeGen\Unity.Burst.Cecil.dll
info: Microsoft.AspNetCore.Routing.EndpointMiddleware[1]
      Executed endpoint 'gRPC - /UnityILPP.PostProcessing/ConfigurePostProcessors'
info: Microsoft.AspNetCore.Hosting.Diagnostics[2]
      Request finished HTTP/2 POST http://ilpp/UnityILPP.PostProcessing/ConfigurePostProcessors application/grpc - - 200 - application/grpc 77.4282ms
DisplayProgressbar: Compiling Scripts
ExitCode: 4 Duration: 0s738ms
[1005/1330  0s] ILPP-Configuration Library/ilpp-configuration.nevergeneratedoutput
Rebuilding DAG because FileSignature timestamp changed: Library/Bee/1300b0aEDbg-inputdata.json
*** Tundra requires additional run (0.68 seconds), 1 items updated, 1330 evaluated
Starting: C:\Program Files\Unity\Hub\Editor\2022.3.62f2\Editor\Data\Tools\netcorerun\netcorerun.exe "C:\Program Files\Unity\Hub\Editor\2022.3.62f2\Editor\Data\Tools\BuildPipeline\ScriptCompilationBuildProgram.exe" "Library/Bee/1300b0aEDbg.dag.json" "Library/Bee/1300b0aEDbg-inputdata.json" "Library\Bee\buildprogram0.traceevents"
WorkingDir: C:/Users/alfam/Documents/NotesShooter_Git
ExitCode: 0 Duration: 1s296ms
Starting: C:\Program Files\Unity\Hub\Editor\2022.3.62f2\Editor\Data\bee_backend.exe --ipc --defer-dag-verification --dagfile="Library/Bee/1300b0aEDbg.dag" --continue-on-failure --dagfilejson="Library\Bee\1300b0aEDbg.dag.json" --profile="Library/Bee/backend2.traceevents" ScriptAssemblies
WorkingDir: C:/Users/alfam/Documents/NotesShooter_Git
info: Microsoft.AspNetCore.Hosting.Diagnostics[1]
      Request starting HTTP/2 POST http://ilpp/UnityILPP.PostProcessing/ConfigurePostProcessors application/grpc -
info: Microsoft.AspNetCore.Routing.EndpointMiddleware[0]
      Executing endpoint 'gRPC - /UnityILPP.PostProcessing/ConfigurePostProcessors'
info: Unity.ILPP.Runner.PostProcessingAssemblyLoadContext[0]
      Current configuration matches the requested one, skipping
info: Microsoft.AspNetCore.Routing.EndpointMiddleware[1]
      Executed endpoint 'gRPC - /UnityILPP.PostProcessing/ConfigurePostProcessors'
info: Microsoft.AspNetCore.Hosting.Diagnostics[2]
      Request finished HTTP/2 POST http://ilpp/UnityILPP.PostProcessing/ConfigurePostProcessors application/grpc - - 200 - application/grpc 4.4586ms
ExitCode: 0 Duration: 1s131ms
Finished compiling graph: 1334 nodes, 22171 flattened edges (17341 ToBuild, 228 ToUse), maximum node priority 1305
[1005/1330  0s] ILPP-Configuration Library/ilpp-configuration.nevergeneratedoutput
*** Tundra build success (1.08 seconds), 1 items updated, 1330 evaluated
AssetDatabase: script compilation time: 4.041725s
Begin MonoManager ReloadAssembly
Total cache size 267877520
Total cache size after purge 267877520
Symbol file LoadedFromMemory is not a mono symbol file
- Loaded All Assemblies, in  1.687 seconds
Refreshing native plugins compatible for Editor in 29.03 ms, found 3 plugins.
Preloading 0 native plugins for Editor in 0.00 ms.
Refreshing native plugins compatible for Editor in 35.75 ms, found 3 plugins.
Native extension for UWP target not found
Native extension for WindowsStandalone target not found
Native extension for iOS target not found
Native extension for Android target not found
Mono: successfully reloaded assembly
- Finished resetting the current domain, in  6.845 seconds
Domain Reload Profiling: 8516ms
	BeginReloadAssembly (249ms)
		ExecutionOrderSort (0ms)
		DisableScriptedObjects (9ms)
		BackupInstance (0ms)
		ReleaseScriptingObjects (0ms)
		CreateAndSetChildDomain (45ms)
	RebuildCommonClasses (53ms)
	RebuildNativeTypeToScriptingClass (16ms)
	initialDomainReloadingComplete (110ms)
	LoadAllAssembliesAndSetupDomain (1243ms)
		LoadAssemblies (887ms)
		RebuildTransferFunctionScriptingTraits (0ms)
		AnalyzeDomain (497ms)
			TypeCache.Refresh (406ms)
				TypeCache.ScanAssembly (371ms)
			ScanForSourceGeneratedMonoScriptInfo (58ms)
			ResolveRequiredComponents (27ms)
	FinalizeReload (6845ms)
		ReleaseScriptCaches (0ms)
		RebuildScriptCaches (0ms)
		SetupLoadedEditorAssemblies (5973ms)
			LogAssemblyErrors (0ms)
			InitializePlatformSupportModulesInManaged (49ms)
			SetLoadedEditorAssemblies (7ms)
			RefreshPlugins (0ms)
			BeforeProcessingInitializeOnLoad (319ms)
			ProcessInitializeOnLoadAttributes (5084ms)
			ProcessInitializeOnLoadMethodAttributes (496ms)
			AfterProcessingInitializeOnLoad (18ms)
			EditorAssembliesLoaded (1ms)
		ExecutionOrderSort2 (0ms)
		AwakeInstancesAfterBackupRestoration (11ms)
Asset Pipeline Refresh (id=80227c15e4e85204da481500e025f243): Total: 17.955 seconds - Initiated by InitialRefreshV2(ForceSynchronousImport)
	Summary:
		Imports: total=0 (actual=0, local cache=0, cache server=0)
		Asset DB Process Time: managed=0 ms, native=4688 ms
		Asset DB Callback time: managed=36 ms, native=1 ms
		Scripting: domain reloads=1, domain reload time=8976 ms, compile time=4044 ms, other=208 ms
		Project Asset Count: scripts=11142, non-scripts=3851
		Asset File Changes: new=0, changed=0, moved=0, deleted=0
		Scan Filter Count: 0
	InvokeBeforeRefreshCallbacks: 1.787ms
	ApplyChangesToAssetFolders: 0.084ms
	Scan: 185.134ms
	OnSourceAssetsModified: 0.004ms
	GetAllGuidsForCategorization: 3.804ms
	CategorizeAssets: 589.849ms
	ImportOutOfDateAssets: 7047.763ms (2904.465ms without children)
		CompileScripts: 4044.099ms
		ReloadNativeAssets: 0.033ms
		UnloadImportedAssets: 85.685ms
		EnsureUptoDateAssetsAreRegisteredWithGuidPM: 10.172ms
		InitializingProgressBar: 0.013ms
		PostProcessAllAssetNotificationsAddChangedAssets: 0.008ms
		OnDemandSchedulerStart: 3.288ms
	PostProcessAllAssets: 36.249ms
	GatherAllCurrentPrimaryArtifactRevisions: 0.001ms
	UnloadStreamsBegin: 2.913ms
	PersistCurrentRevisions: 0.844ms
	UnloadStreamsEnd: 0.256ms
	GenerateScriptTypeHashes: 7.259ms
	Untracked: 10086.740ms
Application.AssetDatabase Initial Refresh End
Shader Hidden/ProbeVolume/VoxelizeScene is not supported: GPU does not support conservative rasterization
Scanning for USB devices : 2.515ms
Initializing Unity extensions:
[Licensing::Client] Successfully resolved entitlement details
[Licensing::Module] Serial number assigned to: "F4-Z9K7-CY2E-RRX6-3KQZ-XXXX"
[Licensing::Module] Serial number assigned to: "15668126450395-UnityPersXXXX"
[MODES] ModeService[none].Initialize
[MODES] ModeService[none].LoadModes
[MODES] Loading mode Default (0) for mode-current-id-NotesShooter
[PhysX] Initialized MultithreadedTaskDispatcher with 8 workers.
ProgressiveSceneManager::Cancel()
Unloading 26 Unused Serialized files (Serialized files now loaded: 0)
Unloading 202 unused Assets / (0.8 MB). Loaded Objects now: 9809.
Memory consumption went from 244.4 MB to 243.5 MB.
Total: 17.550500 ms (FindLiveObjects: 1.202000 ms CreateObjectMapping: 1.553900 ms MarkObjects: 13.864100 ms  DeleteObjects: 0.929400 ms)

NS_BUILD_START scenes=5 out=C:/Users/alfam/Documents/NotesShooter_Build/NotesShooterBuild.apk cleanBuild=False
UnityEngine.StackTraceUtility:ExtractStackTrace ()
UnityEngine.DebugLogHandler:LogFormat (UnityEngine.LogType,UnityEngine.Object,string,object[])
UnityEngine.Logger:Log (UnityEngine.LogType,object)
UnityEngine.Debug:Log (object)
AndroidBuilder:BuildAndroid () (at Assets/Editor/AndroidBuilder.cs:46)

(Filename: Assets/Editor/AndroidBuilder.cs Line: 46)

[ServicesCore]: To use Unity's dashboard services, you need to link your Unity project to a project ID. To do this, go to Project Settings to select your organization, select your project and then link a project ID. You also need to make sure your organization has access to the required products. Visit https://dashboard.unity3d.com to sign up.
UnityEngine.StackTraceUtility:ExtractStackTrace ()
UnityEngine.DebugLogHandler:LogFormat (UnityEngine.LogType,UnityEngine.Object,string,object[])
UnityEngine.Logger:LogWarning (string,object)
Unity.Services.Core.Internal.CoreLogger:LogWarning (object) (at ./Library/PackageCache/com.unity.services.core@1.14.0/Runtime/Core.Internal/Logging/CoreLogger.cs:15)
Unity.Services.Core.Editor.ProjectUnlinkBuildWarning:OnPreprocessBuild (UnityEditor.Build.Reporting.BuildReport) (at ./Library/PackageCache/com.unity.services.core@1.14.0/Editor/Core/Build/ProjectUnlinkBuildWarning.cs:29)
UnityEditor.Build.BuildPipelineInterfaces/<>c__DisplayClass16_0:<OnBuildPreProcess>b__1 (UnityEditor.Build.IPreprocessBuildWithReport)
UnityEditor.Build.BuildPipelineInterfaces:InvokeCallbackInterfacesPair<UnityEditor.Build.IPreprocessBuild, UnityEditor.Build.IPreprocessBuildWithReport> (System.Collections.Generic.List`1<UnityEditor.Build.IPreprocessBuild>,System.Action`1<UnityEditor.Build.IPreprocessBuild>,System.Collections.Generic.List`1<UnityEditor.Build.IPreprocessBuildWithReport>,System.Action`1<UnityEditor.Build.IPreprocessBuildWithReport>,bool)
UnityEditor.Build.BuildPipelineInterfaces:OnBuildPreProcess (UnityEditor.Build.Reporting.BuildReport)
UnityEditor.BuildPipeline:BuildPlayerInternal (string[],string,string,UnityEditor.BuildTargetGroup,UnityEditor.BuildTarget,int,UnityEditor.BuildOptions,string[])
UnityEditor.BuildPipeline:BuildPlayer (string[],string,string,UnityEditor.BuildTargetGroup,UnityEditor.BuildTarget,int,UnityEditor.BuildOptions,string[])
UnityEditor.BuildPipeline:BuildPlayer (UnityEditor.BuildPlayerOptions)
AndroidBuilder:BuildAndroid () (at Assets/Editor/AndroidBuilder.cs:81)

(Filename: ./Library/PackageCache/com.unity.services.core@1.14.0/Editor/Core/Build/ProjectUnlinkBuildWarning.cs Line: 29)

Asset Pipeline Refresh (id=42f3e5d542de9e44d87c896b7c1213c1): Total: 0.069 seconds - Initiated by StopAssetImportingV2(NoUpdateAssetOptions)
Start importing ProjectSettings/UnityConnectSettings.asset using Guid(0000000000000000a100000000000000) Importer(-1,00000000000000000000000000000000) [PhysX] Initialized MultithreadedTaskDispatcher with 8 workers.
 -> (artifact id: '751ea97dea4b7be99f4598e1eb1c0f1b') in 0.013306 seconds
Start importing Assets/NotesShooter/KouSan/LightweightRenderPipelineAsset.asset using Guid(8a57d812a31c9bc4f9b7527bee0663d0) Importer(-1,00000000000000000000000000000000) [PhysX] Initialized MultithreadedTaskDispatcher with 8 workers.
 -> (artifact id: '7f1a61254281807195a66c18f89d5413') in 0.004974 seconds
Refreshing native plugins compatible for Editor in 34.55 ms, found 3 plugins.
Preloading 0 native plugins for Editor in 0.00 ms.
Asset Pipeline Refresh (id=cd7f82bab26a1884392af5d0ae030b4e): Total: 0.238 seconds - Initiated by StopAssetImportingV2(NoUpdateAssetOptions)
DisplayProgressbar: Checking prerequisites
Android PostProcess task "Checking prerequisites" took 27.1767 ms
DisplayProgressbar: Detect Java Development Kit (JDK)
Android PostProcess task "Detect Java Development Kit (JDK)" took 242.1008 ms
DisplayProgressbar: Detecting Android SDK
AndroidSDKTools:

	root          : C:\Program Files\Unity\Hub\Editor\2022.3.62f2\Editor\Data\PlaybackEngines\AndroidPlayer\SDK
	cmdline-tools : C:\Program Files\Unity\Hub\Editor\2022.3.62f2\Editor\Data\PlaybackEngines\AndroidPlayer\SDK\cmdline-tools\6.0
	platform-tools: C:\Program Files\Unity\Hub\Editor\2022.3.62f2\Editor\Data\PlaybackEngines\AndroidPlayer\SDK\platform-tools
	build-tools   : C:\Program Files\Unity\Hub\Editor\2022.3.62f2\Editor\Data\PlaybackEngines\AndroidPlayer\SDK\build-tools\34.0.0

	adb           : C:\Program Files\Unity\Hub\Editor\2022.3.62f2\Editor\Data\PlaybackEngines\AndroidPlayer\SDK\platform-tools\adb.exe

Android PostProcess task "Detecting Android SDK" took 6567.4449 ms
DisplayProgressbar: Detect Android NDK
Android PostProcess task "Detect Android NDK" took 9.5817 ms
Android PostProcess task "Trying to find a suitable Android device" took 0.6145 ms
DisplayProgressbar: Checking Graphics API compatibility
Android PostProcess task "Checking Graphics API compatibility" took 1.2476 ms
DisplayProgressbar: Check resources
Android PostProcess task "Check resources" took 0.4604 ms
DisplayProgressbar: Check Android Player Settings
Android PostProcess task "Check Android Player Settings" took 0.3295 ms
Launched and connected shader compiler UnityShaderCompiler.exe after 0.07 seconds
info: Microsoft.AspNetCore.Hosting.Diagnostics[1]
      Request starting HTTP/2 POST http://ilpp/UnityILPP.PostProcessing/Ping application/grpc -
info: Microsoft.AspNetCore.Routing.EndpointMiddleware[0]
      Executing endpoint 'gRPC - /UnityILPP.PostProcessing/Ping'
info: Microsoft.AspNetCore.Routing.EndpointMiddleware[1]
      Executed endpoint 'gRPC - /UnityILPP.PostProcessing/Ping'
info: Microsoft.AspNetCore.Hosting.Diagnostics[2]
      Request finished HTTP/2 POST http://ilpp/UnityILPP.PostProcessing/Ping application/grpc - - 200 - application/grpc 0.4075ms
Starting: C:\Program Files\Unity\Hub\Editor\2022.3.62f2\Editor\Data\bee_backend.exe --ipc --defer-dag-verification --dagfile="Library/Bee/1300b0aEDbgSkipCompile.dag" --continue-on-failure --profile="Library/Bee/backend1.traceevents" ScriptAssembliesAndTypeDB
WorkingDir: C:/Users/alfam/Documents/NotesShooter_Git
DisplayProgressbar: Compiling Scripts
ExitCode: 0 Duration: 1s927ms
[3/4        1s] BuildPlayerDataGenerator Library/BuildPlayerData/Editor/TypeDb-All.json
Field 'System.Collections.Generic.List`1<System.Reflection.Emit.Label> SingularityGroup.HotReload..‍‫⁬‍‌‏‫‏​​‌‎‭‫⁭⁫‬‬⁫‭​‍⁯⁬‫⁭⁪⁬⁮⁯‌​‍‫⁯‏‮⁮⁬⁬‮::⁪‪‮‏‪⁬‎‮⁬‌‫​⁯‮‏⁭‍‌‍⁯‎⁭⁬‪‎⁫‫‬‍‪‫‬⁫⁯‮‏‌‏⁯‭‮' from 'C:\Users\alfam\Documents\NotesShooter_Git\Packages\com.singularitygroup.hotreload\Runtime\Libs\EditorOnly\SingularityGroup.HotReload.RuntimeDependencies.dll', exception Failed to resolve System.Reflection.Emit.Label
*** Tundra build success (1.88 seconds), 1 items updated, 4 evaluated
Asset Pipeline Refresh (id=52979c5225fb98347bd71319d8f4b3c0): Total: 0.016 seconds - Initiated by RefreshV2(NoUpdateAssetOptions)
[ScriptCompilation] Requested script compilation because: Recompiling scripts for player build.
BuildPlayer: start building target 13
info: Microsoft.AspNetCore.Hosting.Diagnostics[1]
      Request starting HTTP/2 POST http://ilpp/UnityILPP.PostProcessing/Ping application/grpc -
info: Microsoft.AspNetCore.Routing.EndpointMiddleware[0]
      Executing endpoint 'gRPC - /UnityILPP.PostProcessing/Ping'
info: Microsoft.AspNetCore.Routing.EndpointMiddleware[1]
      Executed endpoint 'gRPC - /UnityILPP.PostProcessing/Ping'
info: Microsoft.AspNetCore.Hosting.Diagnostics[2]
      Request finished HTTP/2 POST http://ilpp/UnityILPP.PostProcessing/Ping application/grpc - - 200 - application/grpc 0.9732ms
Starting: C:\Program Files\Unity\Hub\Editor\2022.3.62f2\Editor\Data\bee_backend.exe --ipc --defer-dag-verification --dagfile="Library/Bee/1300b0aP.dag" --continue-on-failure --profile="Library/Bee/backend1.traceevents" ScriptAssembliesAndTypeDB
WorkingDir: C:/Users/alfam/Documents/NotesShooter_Git
Total cache size 267877520
Total cache size after purge 267877520
info: Microsoft.AspNetCore.Hosting.Diagnostics[1]
      Request starting HTTP/2 POST http://ilpp/UnityILPP.PostProcessing/ConfigurePostProcessors application/grpc -
info: Microsoft.AspNetCore.Routing.EndpointMiddleware[0]
      Executing endpoint 'gRPC - /UnityILPP.PostProcessing/ConfigurePostProcessors'
info: Unity.ILPP.Runner.PostProcessingAssemblyLoadContext[0]
      ALC ILPP context 1 is unloading
warn: Unity.ILPP.Runner.PostProcessingAssemblyLoadContext[0]
      Assembly system.runtime.interopservices.windowsruntime has duplicate hint path. Ignoring "C:\Program Files\Unity\Hub\Editor\2022.3.62f2\Editor\Data\UnityReferenceAssemblies\unity-4.8-api\Facades\System.Runtime.InteropServices.WindowsRuntime.dll" in favor of "C:\Program Files\Unity\Hub\Editor\2022.3.62f2\Editor\Data\NetStandard\Extensions\2.0.0\System.Runtime.InteropServices.WindowsRuntime.dll"
warn: Unity.ILPP.Runner.PostProcessingAssemblyLoadContext[0]
      Assembly system.componentmodel.composition has duplicate hint path. Ignoring "C:\Program Files\Unity\Hub\Editor\2022.3.62f2\Editor\Data\UnityReferenceAssemblies\unity-4.8-api\System.ComponentModel.Composition.dll" in favor of "C:\Program Files\Unity\Hub\Editor\2022.3.62f2\Editor\Data\NetStandard\compat\2.1.0\shims\netfx\System.ComponentModel.Composition.dll"
info: Unity.ILPP.Runner.PostProcessingAssemblyLoadContext[0]
      Resolved Unity.Burst.Cecil, Version=0.11.4.0, Culture=neutral, PublicKeyToken=50cebf1cceb9d05e with Library\PackageCache\com.unity.burst@1.8.21\Unity.Burst.CodeGen\Unity.Burst.Cecil.dll
info: Microsoft.AspNetCore.Routing.EndpointMiddleware[1]
      Executed endpoint 'gRPC - /UnityILPP.PostProcessing/ConfigurePostProcessors'
info: Microsoft.AspNetCore.Hosting.Diagnostics[2]
      Request finished HTTP/2 POST http://ilpp/UnityILPP.PostProcessing/ConfigurePostProcessors application/grpc - - 200 - application/grpc 40.0627ms
info: Microsoft.AspNetCore.Hosting.Diagnostics[1]
      Request starting HTTP/2 POST http://ilpp/UnityILPP.PostProcessing/PostProcessAssembly application/grpc -
info: Microsoft.AspNetCore.Routing.EndpointMiddleware[0]
      Executing endpoint 'gRPC - /UnityILPP.PostProcessing/PostProcessAssembly'
info: Unity.ILPP.Runner.PostProcessingPipeline[0]
      Processing assembly Library/Bee/artifacts/1300b0aP.dag/Assembly-CSharp.dll, with 121 defines and 232 references
info: Unity.ILPP.Runner.PostProcessingPipeline[0]
      processors: zzzUnity.Burst.CodeGen.BurstILPostProcessor
info: Unity.ILPP.Runner.PostProcessingPipeline[0]
      running zzzUnity.Burst.CodeGen.BurstILPostProcessor
info: Unity.ILPP.Runner.PostProcessingAssemblyLoadContext[0]
      Resolved Unity.Burst.Cecil.Rocks, Version=0.11.4.0, Culture=neutral, PublicKeyToken=50cebf1cceb9d05e with Library\PackageCache\com.unity.burst@1.8.21\Unity.Burst.CodeGen\Unity.Burst.Cecil.Rocks.dll
info: Microsoft.AspNetCore.Routing.EndpointMiddleware[1]
      Executed endpoint 'gRPC - /UnityILPP.PostProcessing/PostProcessAssembly'
info: Microsoft.AspNetCore.Hosting.Diagnostics[2]
      Request finished HTTP/2 POST http://ilpp/UnityILPP.PostProcessing/PostProcessAssembly application/grpc - - 200 - application/grpc 271.1838ms
ExitCode: 0 Duration: 4s463ms
[297/866    0s] WriteResponseFile Library/Bee/artifacts/rsp/4747638433968585886.rsp
[661/866    0s] CopyFiles Library/Bee/PlayerScriptAssemblies/UnityEngine.TestRunner.dll
[662/866    0s] CopyFiles Library/Bee/PlayerScriptAssemblies/UnityEngine.TestRunner.pdb
[685/866    0s] ILPP-Configuration Library/ilpp-configuration.nevergeneratedoutput
[742/866    0s] CopyFiles Library/Bee/PlayerScriptAssemblies/Unity.RenderPipeline.Universal.ShaderLibrary.dll
[744/866    0s] CopyFiles Library/Bee/PlayerScriptAssemblies/Unity.Services.Core.Threading.dll
[745/866    0s] CopyFiles Library/Bee/PlayerScriptAssemblies/Unity.Services.Core.Environments.Internal.dll
[746/866    0s] CopyFiles Library/Bee/PlayerScriptAssemblies/Cinemachine.dll
[747/866    0s] CopyFiles Library/Bee/PlayerScriptAssemblies/Unity.Addressables.dll
[748/866    0s] CopyFiles Library/Bee/PlayerScriptAssemblies/UnityEngine.Purchasing.AppleCore.dll
[750/866    0s] CopyFiles Library/Bee/PlayerScriptAssemblies/uLoopMCP.Runtime.dll
[751/866    0s] CopyFiles Library/Bee/PlayerScriptAssemblies/Unity.ScriptableBuildPipeline.dll
[752/866    0s] CopyFiles Library/Bee/PlayerScriptAssemblies/Unity.Timeline.dll
[753/866    0s] CopyFiles Library/Bee/PlayerScriptAssemblies/Unity.Services.Core.Scheduler.dll
[754/866    0s] CopyFiles Library/Bee/PlayerScriptAssemblies/SingularityGroup.HotReload.Runtime.Public.dll
[755/866    0s] CopyFiles Library/Bee/PlayerScriptAssemblies/Unity.RenderPipelines.Universal.2D.Internal.dll
[756/866    0s] CopyFiles Library/Bee/PlayerScriptAssemblies/Unity.Services.Core.Networking.dll
[757/866    0s] CopyFiles Library/Bee/PlayerScriptAssemblies/UnityEngine.Purchasing.dll
[758/866    0s] CopyFiles Library/Bee/PlayerScriptAssemblies/UnityEngine.Purchasing.SecurityCore.dll
[759/866    0s] CopyFiles Library/Bee/PlayerScriptAssemblies/Unity.Services.Analytics.dll
[760/866    0s] CopyFiles Library/Bee/PlayerScriptAssemblies/UnityEngine.Purchasing.Stores.dll
[761/866    0s] CopyFiles Library/Bee/PlayerScriptAssemblies/Unity.InternalAPIEngineBridge.013.dll
[762/866    0s] CopyFiles Library/Bee/PlayerScriptAssemblies/Unity.Analytics.DataPrivacy.dll
[763/866    0s] CopyFiles Library/Bee/PlayerScriptAssemblies/Unity.RenderPipelines.Universal.Config.Runtime.dll
[764/866    0s] CopyFiles Library/Bee/PlayerScriptAssemblies/UnityEngine.Purchasing.Security.dll
[765/866    0s] CopyFiles Library/Bee/PlayerScriptAssemblies/UnityEngine.Purchasing.AppleStub.dll
[766/866    0s] CopyFiles Library/Bee/PlayerScriptAssemblies/Unity.Services.Core.dll
[767/866    0s] CopyFiles Library/Bee/PlayerScriptAssemblies/Unity.Services.Core.Registration.dll
[768/866    0s] CopyFiles Library/Bee/PlayerScriptAssemblies/UnityEngine.Purchasing.Codeless.dll
[769/866    0s] CopyFiles Library/Bee/PlayerScriptAssemblies/UnityEngine.Purchasing.AppleMacosStub.dll
[770/866    0s] CopyFiles Library/Bee/PlayerScriptAssemblies/Purchasing.Common.dll
[771/866    0s] CopyFiles Library/Bee/PlayerScriptAssemblies/Unity.ResourceManager.dll
[772/866    0s] CopyFiles Library/Bee/PlayerScriptAssemblies/UnityEngine.UI.dll
[773/866    0s] CopyFiles Library/Bee/PlayerScriptAssemblies/Unity.Services.Core.Configuration.dll
[774/866    0s] CopyFiles Library/Bee/PlayerScriptAssemblies/Unity.RenderPipelines.ShaderGraph.ShaderGraphLibrary.dll
[775/866    0s] CopyFiles Library/Bee/PlayerScriptAssemblies/Unity.VisualScripting.Core.dll
[776/866    0s] CopyFiles Library/Bee/PlayerScriptAssemblies/SingularityGroup.HotReload.Runtime.dll
[777/866    0s] CopyFiles Library/Bee/PlayerScriptAssemblies/StompyRobot.SRF.dll
[778/866    0s] CopyFiles Library/Bee/PlayerScriptAssemblies/Unity.Mathematics.dll
[779/866    0s] CopyFiles Library/Bee/PlayerScriptAssemblies/Unity.Burst.dll
[780/866    0s] CopyFiles Library/Bee/PlayerScriptAssemblies/UnityEngine.Advertisements.dll
[781/866    0s] CopyFiles Library/Bee/PlayerScriptAssemblies/UnityEngine.Purchasing.WinRTCore.dll
[782/866    0s] CopyFiles Library/Bee/PlayerScriptAssemblies/Assembly-CSharp-firstpass.dll
[783/866    0s] CopyFiles Library/Bee/PlayerScriptAssemblies/Unity.TextMeshPro.dll
[784/866    0s] CopyFiles Library/Bee/PlayerScriptAssemblies/Unity.Services.Core.Analytics.dll
[785/866    0s] CopyFiles Library/Bee/PlayerScriptAssemblies/Unity.AI.Navigation.dll
[786/866    0s] CopyFiles Library/Bee/PlayerScriptAssemblies/Unity.Services.Core.Internal.dll
[787/866    0s] CopyFiles Library/Bee/PlayerScriptAssemblies/Unity.RenderPipelines.Universal.Runtime.dll
[788/866    0s] CopyFiles Library/Bee/PlayerScriptAssemblies/Unity.Services.Core.Telemetry.dll
[789/866    0s] CopyFiles Library/Bee/PlayerScriptAssemblies/Unity.VisualScripting.State.dll
[790/866    0s] CopyFiles Library/Bee/PlayerScriptAssemblies/Unity.Services.Core.Environments.dll
[791/866    0s] CopyFiles Library/Bee/PlayerScriptAssemblies/Unity.RenderPipelines.Core.Runtime.dll
[792/866    0s] CopyFiles Library/Bee/PlayerScriptAssemblies/Unity.Services.Core.Device.dll
[793/866    0s] CopyFiles Library/Bee/PlayerScriptAssemblies/Unity.Services.Core.Components.dll
[794/866    0s] CopyFiles Library/Bee/PlayerScriptAssemblies/Unity.RenderPipelines.Universal.Shaders.dll
[795/866    0s] CopyFiles Library/Bee/PlayerScriptAssemblies/StompyRobot.SRDebugger.dll
[796/866    0s] CopyFiles Library/Bee/PlayerScriptAssemblies/Unity.Localization.dll
[797/866    0s] CopyFiles Library/Bee/PlayerScriptAssemblies/Unity.VisualScripting.Flow.dll
[798/866    0s] CopyFiles Library/Bee/PlayerScriptAssemblies/Unity.VisualEffectGraph.Runtime.dll
[799/866    0s] CopyFiles Library/Bee/PlayerScriptAssemblies/Unity.Postprocessing.Runtime.dll
[800/866    0s] CopyFiles Library/Bee/PlayerScriptAssemblies/UnityEngine.Purchasing.WinRTStub.dll
[801/866    0s] CopyFiles Library/Bee/PlayerScriptAssemblies/Unity.RenderPipelines.Core.ShaderLibrary.dll
[802/866    0s] CopyFiles Library/Bee/PlayerScriptAssemblies/SingularityGroup.HotReload.Runtime.Public.pdb
[803/866    0s] CopyFiles Library/Bee/PlayerScriptAssemblies/UnityEngine.Purchasing.AppleCore.pdb
[804/866    0s] CopyFiles Library/Bee/PlayerScriptAssemblies/uLoopMCP.Runtime.pdb
[805/866    0s] CopyFiles Library/Bee/PlayerScriptAssemblies/Unity.Services.Core.Scheduler.pdb
[806/866    0s] CopyFiles Library/Bee/PlayerScriptAssemblies/Unity.ScriptableBuildPipeline.pdb
[807/866    0s] CopyFiles Library/Bee/PlayerScriptAssemblies/Unity.Services.Core.Networking.pdb
[808/866    0s] CopyFiles Library/Bee/PlayerScriptAssemblies/Unity.RenderPipelines.Universal.2D.Internal.pdb
[809/866    0s] CopyFiles Library/Bee/PlayerScriptAssemblies/UnityEngine.Purchasing.Stores.pdb
[810/866    0s] CopyFiles Library/Bee/PlayerScriptAssemblies/Unity.Analytics.DataPrivacy.pdb
[811/866    0s] CopyFiles Library/Bee/PlayerScriptAssemblies/Unity.Services.Core.Threading.pdb
[812/866    0s] CopyFiles Library/Bee/PlayerScriptAssemblies/Unity.RenderPipeline.Universal.ShaderLibrary.pdb
[813/866    0s] CopyFiles Library/Bee/PlayerScriptAssemblies/Unity.RenderPipelines.Universal.Config.Runtime.pdb
[814/866    0s] CopyFiles Library/Bee/PlayerScriptAssemblies/Unity.Addressables.pdb
[815/866    0s] CopyFiles Library/Bee/PlayerScriptAssemblies/Unity.Services.Analytics.pdb
[816/866    0s] CopyFiles Library/Bee/PlayerScriptAssemblies/UnityEngine.Purchasing.Security.pdb
[817/866    0s] CopyFiles Library/Bee/PlayerScriptAssemblies/Unity.VisualScripting.Core.pdb
[818/866    0s] CopyFiles Library/Bee/PlayerScriptAssemblies/UnityEngine.Purchasing.AppleStub.pdb
[819/866    0s] CopyFiles Library/Bee/PlayerScriptAssemblies/Unity.Mathematics.pdb
[820/866    0s] CopyFiles Library/Bee/PlayerScriptAssemblies/SingularityGroup.HotReload.Runtime.pdb
[821/866    0s] CopyFiles Library/Bee/PlayerScriptAssemblies/Cinemachine.pdb
[822/866    0s] CopyFiles Library/Bee/PlayerScriptAssemblies/Unity.Services.Core.Configuration.pdb
[823/866    0s] CopyFiles Library/Bee/PlayerScriptAssemblies/Unity.ResourceManager.pdb
[824/866    0s] CopyFiles Library/Bee/PlayerScriptAssemblies/Unity.Services.Core.Telemetry.pdb
[825/866    0s] CopyFiles Library/Bee/PlayerScriptAssemblies/Purchasing.Common.pdb
[826/866    0s] CopyFiles Library/Bee/PlayerScriptAssemblies/Unity.Services.Core.Components.pdb
[827/866    0s] CopyFiles Library/Bee/PlayerScriptAssemblies/Unity.RenderPipelines.Universal.Shaders.pdb
[828/866    0s] CopyFiles Library/Bee/PlayerScriptAssemblies/Unity.VisualEffectGraph.Runtime.pdb
[829/866    0s] CopyFiles Library/Bee/PlayerScriptAssemblies/Unity.VisualScripting.Flow.pdb
[830/866    0s] CopyFiles Library/Bee/PlayerScriptAssemblies/Unity.RenderPipelines.Core.ShaderLibrary.pdb
[831/866    0s] CopyFiles Library/Bee/PlayerScriptAssemblies/Unity.Burst.pdb
[832/866    0s] CopyFiles Library/Bee/PlayerScriptAssemblies/UnityEngine.Purchasing.WinRTCore.pdb
[833/866    0s] CopyFiles Library/Bee/PlayerScriptAssemblies/Assembly-CSharp-firstpass.pdb
[834/866    0s] CopyFiles Library/Bee/PlayerScriptAssemblies/UnityEngine.Purchasing.AppleMacosStub.pdb
[835/866    0s] CopyFiles Library/Bee/PlayerScriptAssemblies/UnityEngine.Purchasing.pdb
[836/866    0s] CopyFiles Library/Bee/PlayerScriptAssemblies/Unity.InternalAPIEngineBridge.013.pdb
[837/866    0s] CopyFiles Library/Bee/PlayerScriptAssemblies/Unity.Services.Core.Internal.pdb
[838/866    0s] CopyFiles Library/Bee/PlayerScriptAssemblies/Unity.Services.Core.Environments.Internal.pdb
[839/866    0s] CopyFiles Library/Bee/PlayerScriptAssemblies/Unity.RenderPipelines.ShaderGraph.ShaderGraphLibrary.pdb
[840/866    0s] CopyFiles Library/Bee/PlayerScriptAssemblies/Unity.RenderPipelines.Core.Runtime.pdb
[841/866    0s] CopyFiles Library/Bee/PlayerScriptAssemblies/UnityEngine.UI.pdb
[842/866    0s] CopyFiles Library/Bee/PlayerScriptAssemblies/Unity.Localization.pdb
[843/866    0s] CopyFiles Library/Bee/PlayerScriptAssemblies/Unity.Services.Core.Device.pdb
[844/866    0s] CopyFiles Library/Bee/PlayerScriptAssemblies/Unity.Postprocessing.Runtime.pdb
[845/866    0s] CopyFiles Library/Bee/PlayerScriptAssemblies/StompyRobot.SRDebugger.pdb
[846/866    0s] CopyFiles Library/Bee/PlayerScriptAssemblies/UnityEngine.Purchasing.WinRTStub.pdb
[847/866    0s] CopyFiles Library/Bee/PlayerScriptAssemblies/StompyRobot.SRF.pdb
[848/866    0s] CopyFiles Library/Bee/PlayerScriptAssemblies/Unity.Timeline.pdb
[849/866    0s] CopyFiles Library/Bee/PlayerScriptAssemblies/UnityEngine.Purchasing.Codeless.pdb
[850/866    0s] CopyFiles Library/Bee/PlayerScriptAssemblies/UnityEngine.Advertisements.pdb
[851/866    0s] CopyFiles Library/Bee/PlayerScriptAssemblies/Unity.AI.Navigation.pdb
[852/866    0s] CopyFiles Library/Bee/PlayerScriptAssemblies/Unity.TextMeshPro.pdb
[853/866    0s] CopyFiles Library/Bee/PlayerScriptAssemblies/Unity.VisualScripting.State.pdb
[854/866    0s] CopyFiles Library/Bee/PlayerScriptAssemblies/UnityEngine.Purchasing.SecurityCore.pdb
[855/866    0s] CopyFiles Library/Bee/PlayerScriptAssemblies/Unity.RenderPipelines.Universal.Runtime.pdb
[856/866    0s] CopyFiles Library/Bee/PlayerScriptAssemblies/Unity.Services.Core.Registration.pdb
[857/866    0s] CopyFiles Library/Bee/PlayerScriptAssemblies/Unity.Services.Core.Analytics.pdb
[858/866    0s] CopyFiles Library/Bee/PlayerScriptAssemblies/Unity.Services.Core.Environments.pdb
[859/866    0s] CopyFiles Library/Bee/PlayerScriptAssemblies/Unity.Services.Core.pdb
[860/866    2s] Csc Library/Bee/artifacts/1300b0aP.dag/Assembly-CSharp.dll (+2 others)
Assets\NotesShooter\Script\Goal.cs(78,22): warning CS0219: The variable 'localServer' is assigned but its value is never used

Assets\NotesShooter\Script\TargetScript\Target.cs(20,38): warning CS0618: 'ParticleSystem.duration' is obsolete: 'duration property is deprecated. Use main.duration instead.'

Assets\NotesShooter\Script\ResultScore.cs(303,22): warning CS0219: The variable 'localServer' is assigned but its value is never used
[861/866    0s] ILPostProcess Library/Bee/artifacts/1300b0aP.dag/post-processed/Assembly-CSharp.dll (+pdb)
Processing assembly Library/Bee/artifacts/1300b0aP.dag/Assembly-CSharp.dll, with 121 defines and 232 references

processors: zzzUnity.Burst.CodeGen.BurstILPostProcessor

running zzzUnity.Burst.CodeGen.BurstILPostProcessor
[862/866    0s] CopyFiles Library/Bee/PlayerScriptAssemblies/Assembly-CSharp.pdb
[863/866    0s] CopyFiles Library/Bee/PlayerScriptAssemblies/Assembly-CSharp.dll
[865/866    1s] BuildPlayerDataGenerator Library/BuildPlayerData/Player/RuntimeInitializeOnLoads.json (+1 other)
*** Tundra build success (4.41 seconds), 125 items updated, 866 evaluated
Assets\NotesShooter\Script\Goal.cs(78,22): warning CS0219: The variable 'localServer' is assigned but its value is never used
Assets\NotesShooter\Script\TargetScript\Target.cs(20,38): warning CS0618: 'ParticleSystem.duration' is obsolete: 'duration property is deprecated. Use main.duration instead.'
Assets\NotesShooter\Script\ResultScore.cs(303,22): warning CS0219: The variable 'localServer' is assigned but its value is never used
Total cache size 267877520
Total cache size after purge 267877520
Not rebuilding Data files -- no changes
Asset Pipeline Refresh (id=a439f33a08dbba34f9619b26a2fe30cd): Total: 0.138 seconds - Initiated by RefreshV2(NoUpdateAssetOptions)


Mono dependencies included in the build
Dependency assembly - Unity.AI.Navigation.dll
Dependency assembly - StompyRobot.SRDebugger.dll
Dependency assembly - System.Transactions.dll
Dependency assembly - Assembly-CSharp-firstpass.dll
Dependency assembly - System.IO.Compression.dll
Dependency assembly - netstandard.dll
Dependency assembly - Unity.InternalAPIEngineBridge.013.dll
Dependency assembly - Unity.Burst.dll
Dependency assembly - Unity.Services.Core.Scheduler.dll
Dependency assembly - System.EnterpriseServices.dll
Dependency assembly - Unity.RenderPipelines.Core.ShaderLibrary.dll
Dependency assembly - SingularityGroup.HotReload.Runtime.Public.dll
Dependency assembly - System.IO.Compression.FileSystem.dll
Dependency assembly - UnityEngine.Advertisements.dll
Dependency assembly - Unity.VisualScripting.Core.dll
Dependency assembly - Unity.Analytics.DataPrivacy.dll
Dependency assembly - Unity.Timeline.dll
Dependency assembly - Unity.RenderPipeline.Universal.ShaderLibrary.dll
Dependency assembly - DOTween.dll
Dependency assembly - Unity.Services.Core.Threading.dll
Dependency assembly - System.Configuration.dll
Dependency assembly - System.Security.dll
Dependency assembly - Cinemachine.dll
Dependency assembly - Unity.Services.Core.Components.dll
Dependency assembly - Unity.RenderPipelines.Universal.2D.Internal.dll
Dependency assembly - System.Xml.dll
Dependency assembly - System.Drawing.dll
Dependency assembly - System.dll
Dependency assembly - Unity.Services.Core.Environments.dll
Dependency assembly - System.Data.DataSetExtensions.dll
Dependency assembly - Unity.Services.Core.Registration.dll
Dependency assembly - DemiLib.dll
Dependency assembly - Unity.VisualEffectGraph.Runtime.dll
Dependency assembly - Unity.Localization.dll
Dependency assembly - UnityEngine.UI.dll
Dependency assembly - Unity.Addressables.dll
Dependency assembly - Unity.RenderPipelines.Universal.Runtime.dll
Dependency assembly - Unity.Services.Core.Analytics.dll
Dependency assembly - System.ServiceModel.Internals.dll
Dependency assembly - UnityEngine.Purchasing.Security.dll
Dependency assembly - Unity.Postprocessing.Runtime.dll
Dependency assembly - UnityEngine.Purchasing.SecurityCore.dll
Dependency assembly - UnityEngine.Purchasing.Codeless.dll
Dependency assembly - Unity.RenderPipelines.Universal.Shaders.dll
Dependency assembly - Unity.Services.Core.Environments.Internal.dll
Dependency assembly - Unity.Services.Core.Device.dll
Dependency assembly - System.Numerics.dll
Dependency assembly - StompyRobot.SRF.dll
Dependency assembly - UnityEngine.Purchasing.WinRTStub.dll
Dependency assembly - Unity.RenderPipelines.Core.Runtime.dll
Dependency assembly - Unity.RenderPipelines.ShaderGraph.ShaderGraphLibrary.dll
Dependency assembly - Unity.Mathematics.dll
Dependency assembly - UnityEngine.Purchasing.AppleCore.dll
Dependency assembly - Assembly-CSharp.dll
Dependency assembly - Unity.ResourceManager.dll
Dependency assembly - System.Xml.Linq.dll
Dependency assembly - Unity.VisualScripting.State.dll
Dependency assembly - Unity.Burst.Unsafe.dll
Dependency assembly - UnityEngine.Purchasing.Stores.dll
Dependency assembly - Unity.RenderPipelines.Universal.Config.Runtime.dll
Dependency assembly - Unity.Services.Core.Internal.dll
Dependency assembly - mscorlib.dll
Dependency assembly - Unity.Services.Core.Telemetry.dll
Dependency assembly - SingularityGroup.HotReload.Runtime.dll
Dependency assembly - System.Runtime.Serialization.dll
Dependency assembly - System.Runtime.dll
Dependency assembly - Unity.Services.Analytics.dll
Dependency assembly - DOTweenPro.dll
Dependency assembly - Newtonsoft.Json.dll
Dependency assembly - UnityEngine.Purchasing.AppleStub.dll
Dependency assembly - Mono.Security.dll
Dependency assembly - System.Data.dll
Dependency assembly - UnityEngine.Purchasing.dll
Dependency assembly - Unity.ScriptableBuildPipeline.dll
Dependency assembly - Unity.TextMeshPro.dll
Dependency assembly - Purchasing.Common.dll
Dependency assembly - Unity.Services.Core.Networking.dll
Dependency assembly - Unity.Services.Core.Configuration.dll
Dependency assembly - System.Core.dll
Dependency assembly - UnityEngine.Purchasing.WinRTCore.dll
Dependency assembly - Unity.VisualScripting.Antlr3.Runtime.dll
Dependency assembly - UnityEngine.Purchasing.AppleMacosStub.dll
Dependency assembly - Unity.Services.Core.dll
Dependency assembly - System.Net.Http.dll
Dependency assembly - System.ComponentModel.Composition.dll
Dependency assembly - Unity.VisualScripting.Flow.dll

DisplayProgressbar: Initializing
Android PostProcess task "Initializing" took 0.7752 ms
DisplayProgressbar: Check gradle project collisions
Android PostProcess task "Check gradle project collisions" took 0.3453 ms
DisplayProgressbar: Preparing banner
Android PostProcess task "Preparing banner" took 0.6121 ms
info: Microsoft.AspNetCore.Hosting.Diagnostics[1]
      Request starting HTTP/2 POST http://ilpp/UnityILPP.PostProcessing/Ping application/grpc -
info: Microsoft.AspNetCore.Routing.EndpointMiddleware[0]
      Executing endpoint 'gRPC - /UnityILPP.PostProcessing/Ping'
info: Microsoft.AspNetCore.Routing.EndpointMiddleware[1]
      Executed endpoint 'gRPC - /UnityILPP.PostProcessing/Ping'
info: Microsoft.AspNetCore.Hosting.Diagnostics[2]
      Request finished HTTP/2 POST http://ilpp/UnityILPP.PostProcessing/Ping application/grpc - - 200 - application/grpc 0.1847ms
Starting: C:\Program Files\Unity\Hub\Editor\2022.3.62f2\Editor\Data\bee_backend.exe --ipc --dagfile="Library/Bee/Playered829ad6.dag" --profile="Library/Bee/backend1.traceevents" Player
WorkingDir: C:/Users/alfam/Documents/NotesShooter_Git
DisplayProgressbar: Incremental Player Build
C:/Users/alfam/Documents/NotesShooter_Git/Library/PackageCache/com.unity.burst@1.8.21/.Runtime\bcl.exe exited after 4338 ms.
stdout:
Starting 1 library requests
Done
stderr:

[565/737    0s] CopyFiles C:/Users/alfam/Documents/NotesShooter_Git/Library/Bee/Android/Prj/Mono2x/Gradle/unityLibrary/src/main/assets/bin/Data/Managed/Assembly-CSharp.dll
[730/737    0s] AddBootConfigGUID Library/Bee/artifacts/Android/boot.config
[731/737    0s] CopyFiles C:/Users/alfam/Documents/NotesShooter_Git/Library/Bee/Android/Prj/Mono2x/Gradle/unityLibrary/src/main/assets/bin/Data/boot.config
[732/737    0s] ExtractUsedFeatures Library/Bee/artifacts/Android/Features/Assembly-CSharp-FeaturesChecked.txt
[734/737    0s] GuidGenerator C:/Users/alfam/Documents/NotesShooter_Git/Library/Bee/Android/Prj/Mono2x/Gradle/unityLibrary/src/main/assets/bin/Data/unity_app_guid
[735/737    4s] GenerateNativePluginsForAssemblies Library/Bee/artifacts/Android/AsyncPluginsFromLinker
*** Tundra build success (4.55 seconds), 6 items updated, 737 evaluated
ExitCode: 0 Duration: 4s603ms
DisplayProgressbar: Calling IPostGenerateGradleAndroidProject callbacks
Calling IPostGenerateGradleAndroidProject callbacks on 'C:\Users\alfam\Documents\NotesShooter_Git\Library\Bee\Android\Prj\Mono2x\Gradle\unityLibrary':
    Call "UnityEditor.Localization.Platform.Android.LocalizationBuildPlayerAndroid.OnPostGenerateGradleAndroidProject" from assembly 'Unity.Localization.Editor'
Could not find localization settings. Default will be used.
UnityEngine.StackTraceUtility:ExtractStackTrace ()
UnityEngine.DebugLogHandler:LogFormat (UnityEngine.LogType,UnityEngine.Object,string,object[])
UnityEngine.Logger:Log (UnityEngine.LogType,object)
UnityEngine.Debug:LogWarning (object)
UnityEngine.Localization.Settings.LocalizationSettings:GetOrCreateSettings () (at ./Library/PackageCache/com.unity.localization@1.5.2/Runtime/Settings/LocalizationSettings.cs:713)
UnityEngine.Localization.Settings.LocalizationSettings:get_Instance () (at ./Library/PackageCache/com.unity.localization@1.5.2/Runtime/Settings/LocalizationSettings.cs:136)
UnityEngine.Localization.Settings.LocalizationSettings:get_Metadata () (at ./Library/PackageCache/com.unity.localization@1.5.2/Runtime/Settings/LocalizationSettings.cs:178)
UnityEditor.Localization.Platform.Android.Player:AddLocalizationToAndroidGradleProject (string) (at ./Library/PackageCache/com.unity.localization@1.5.2/Editor/Platform/Android/Player.cs:58)
UnityEditor.Localization.Platform.Android.LocalizationBuildPlayerAndroid:OnPostGenerateGradleAndroidProject (string) (at ./Library/PackageCache/com.unity.localization@1.5.2/Editor/Platform/Android/BuildPlayerAndroid.cs:12)
UnityEditor.Android.PostProcessor.Tasks.ProcessGenerateProjectCallbacks:OnGeneratePlatformProjectPostprocess (string,bool) (at /home/bokken/build/output/unity/unity/PlatformDependent/AndroidPlayer/Editor/Managed/PostProcessor/Tasks/ProcessGenerateProjectCallbacks.cs:44)
UnityEditor.Android.PostProcessor.Tasks.ProcessGenerateProjectCallbacks:Execute (UnityEditor.Android.PostProcessor.PostProcessorContext) (at /home/bokken/build/output/unity/unity/PlatformDependent/AndroidPlayer/Editor/Managed/PostProcessor/Tasks/ProcessGenerateProjectCallbacks.cs:70)
UnityEditor.Android.PostProcessor.PostProcessRunner:RunAllTasks (UnityEditor.Android.PostProcessor.PostProcessorContext) (at /home/bokken/build/output/unity/unity/PlatformDependent/AndroidPlayer/Editor/Managed/PostProcessor/AndroidPostProcessor.cs:112)
UnityEditor.Android.PostProcessAndroidPlayer:PostProcess (UnityEditor.Modules.BuildPostProcessArgs,AndroidPlayerBuildProgram.Data.AndroidPlayerBuildProgramOutput) (at /home/bokken/build/output/unity/unity/PlatformDependent/AndroidPlayer/Editor/Managed/PostProcessAndroidPlayer.cs:255)
UnityEditor.Android.AndroidBuildPostprocessor:PostProcess (UnityEditor.Modules.BuildPostProcessArgs,UnityEditor.BuildProperties&) (at /home/bokken/build/output/unity/unity/PlatformDependent/AndroidPlayer/Editor/Managed/ExtensionModule.cs:230)
UnityEditor.PostprocessBuildPlayer:Postprocess (UnityEditor.BuildTargetGroup,UnityEditor.BuildTarget,int,string,string,string,int,int,UnityEditor.BuildOptions,UnityEditor.RuntimeClassRegistry,UnityEditor.Build.Reporting.BuildReport)
UnityEditor.BuildPipeline:BuildPlayerInternal (string[],string,string,UnityEditor.BuildTargetGroup,UnityEditor.BuildTarget,int,UnityEditor.BuildOptions,string[])
UnityEditor.BuildPipeline:BuildPlayer (string[],string,string,UnityEditor.BuildTargetGroup,UnityEditor.BuildTarget,int,UnityEditor.BuildOptions,string[])
UnityEditor.BuildPipeline:BuildPlayer (UnityEditor.BuildPlayerOptions)
AndroidBuilder:BuildAndroid () (at Assets/Editor/AndroidBuilder.cs:81)

(Filename: ./Library/PackageCache/com.unity.localization@1.5.2/Runtime/Settings/LocalizationSettings.cs Line: 713)

Android App Info has not been configured. Please add and configure `Android App Info` metadata to the Localization Settings in order to correctly support Localization on Android.
UnityEngine.StackTraceUtility:ExtractStackTrace ()
UnityEngine.DebugLogHandler:LogFormat (UnityEngine.LogType,UnityEngine.Object,string,object[])
UnityEngine.Logger:Log (UnityEngine.LogType,object)
UnityEngine.Debug:LogWarning (object)
UnityEditor.Localization.Platform.Android.Player:AddLocalizationToAndroidGradleProject (string) (at ./Library/PackageCache/com.unity.localization@1.5.2/Editor/Platform/Android/Player.cs:65)
UnityEditor.Localization.Platform.Android.LocalizationBuildPlayerAndroid:OnPostGenerateGradleAndroidProject (string) (at ./Library/PackageCache/com.unity.localization@1.5.2/Editor/Platform/Android/BuildPlayerAndroid.cs:12)
UnityEditor.Android.PostProcessor.Tasks.ProcessGenerateProjectCallbacks:OnGeneratePlatformProjectPostprocess (string,bool) (at /home/bokken/build/output/unity/unity/PlatformDependent/AndroidPlayer/Editor/Managed/PostProcessor/Tasks/ProcessGenerateProjectCallbacks.cs:44)
UnityEditor.Android.PostProcessor.Tasks.ProcessGenerateProjectCallbacks:Execute (UnityEditor.Android.PostProcessor.PostProcessorContext) (at /home/bokken/build/output/unity/unity/PlatformDependent/AndroidPlayer/Editor/Managed/PostProcessor/Tasks/ProcessGenerateProjectCallbacks.cs:70)
UnityEditor.Android.PostProcessor.PostProcessRunner:RunAllTasks (UnityEditor.Android.PostProcessor.PostProcessorContext) (at /home/bokken/build/output/unity/unity/PlatformDependent/AndroidPlayer/Editor/Managed/PostProcessor/AndroidPostProcessor.cs:112)
UnityEditor.Android.PostProcessAndroidPlayer:PostProcess (UnityEditor.Modules.BuildPostProcessArgs,AndroidPlayerBuildProgram.Data.AndroidPlayerBuildProgramOutput) (at /home/bokken/build/output/unity/unity/PlatformDependent/AndroidPlayer/Editor/Managed/PostProcessAndroidPlayer.cs:255)
UnityEditor.Android.AndroidBuildPostprocessor:PostProcess (UnityEditor.Modules.BuildPostProcessArgs,UnityEditor.BuildProperties&) (at /home/bokken/build/output/unity/unity/PlatformDependent/AndroidPlayer/Editor/Managed/ExtensionModule.cs:230)
UnityEditor.PostprocessBuildPlayer:Postprocess (UnityEditor.BuildTargetGroup,UnityEditor.BuildTarget,int,string,string,string,int,int,UnityEditor.BuildOptions,UnityEditor.RuntimeClassRegistry,UnityEditor.Build.Reporting.BuildReport)
UnityEditor.BuildPipeline:BuildPlayerInternal (string[],string,string,UnityEditor.BuildTargetGroup,UnityEditor.BuildTarget,int,UnityEditor.BuildOptions,string[])
UnityEditor.BuildPipeline:BuildPlayer (string[],string,string,UnityEditor.BuildTargetGroup,UnityEditor.BuildTarget,int,UnityEditor.BuildOptions,string[])
UnityEditor.BuildPipeline:BuildPlayer (UnityEditor.BuildPlayerOptions)
AndroidBuilder:BuildAndroid () (at Assets/Editor/AndroidBuilder.cs:81)

(Filename: ./Library/PackageCache/com.unity.localization@1.5.2/Editor/Platform/Android/Player.cs Line: 65)

    Call "SingularityGroup.HotReload.Editor.PostbuildModifyAndroidManifest.OnPostGenerateGradleAndroidProject" from assembly 'SingularityGroup.HotReload.Editor'
Android PostProcess task "Calling IPostGenerateGradleAndroidProject callbacks" took 20.0728 ms
Android PostProcess task "Cloud Diagnostics Symbol Upload" took 0.3583 ms
DisplayProgressbar: Building Gradle project
Total cache size 267877520
Total cache size after purge 267877520
Android PostProcess task "Building Gradle project" took 34569.8644 ms
DisplayProgressbar: Processing Mapping File
Android PostProcess task "Processing Mapping File" took 0.3735 ms
DisplayProgressbar: Moving output package(s)
Android PostProcess task "Moving output package(s)" took 30.7964 ms
Hot Reload was not included in the build because one or more build settings were not supported.
UnityEngine.StackTraceUtility:ExtractStackTrace ()
UnityEngine.DebugLogHandler:LogFormat (UnityEngine.LogType,UnityEngine.Object,string,object[])
UnityEngine.Logger:Log (UnityEngine.LogType,object)
UnityEngine.Debug:LogWarning (object)
SingularityGroup.HotReload.Editor.PrebuildIncludeResources:OnPostprocessBuild (UnityEditor.BuildTarget,string) (at ./Packages/com.singularitygroup.hotreload/Editor/PlayerBuild/PrebuildIncludeResources.cs:50)
UnityEditor.Build.BuildPipelineInterfaces/<>c__DisplayClass18_0:<OnBuildPostProcess>b__0 (UnityEditor.Build.IPostprocessBuild)
UnityEditor.Build.BuildPipelineInterfaces:InvokeCallbackInterfacesPair<UnityEditor.Build.IPostprocessBuild, UnityEditor.Build.IPostprocessBuildWithReport> (System.Collections.Generic.List`1<UnityEditor.Build.IPostprocessBuild>,System.Action`1<UnityEditor.Build.IPostprocessBuild>,System.Collections.Generic.List`1<UnityEditor.Build.IPostprocessBuildWithReport>,System.Action`1<UnityEditor.Build.IPostprocessBuildWithReport>,bool)
UnityEditor.Build.BuildPipelineInterfaces:OnBuildPostProcess (UnityEditor.Build.Reporting.BuildReport)
UnityEditor.BuildPipeline:BuildPlayerInternal (string[],string,string,UnityEditor.BuildTargetGroup,UnityEditor.BuildTarget,int,UnityEditor.BuildOptions,string[])
UnityEditor.BuildPipeline:BuildPlayer (string[],string,string,UnityEditor.BuildTargetGroup,UnityEditor.BuildTarget,int,UnityEditor.BuildOptions,string[])
UnityEditor.BuildPipeline:BuildPlayer (UnityEditor.BuildPlayerOptions)
AndroidBuilder:BuildAndroid () (at Assets/Editor/AndroidBuilder.cs:81)

(Filename: ./Packages/com.singularitygroup.hotreload/Editor/PlayerBuild/PrebuildIncludeResources.cs Line: 50)

Refreshing native plugins compatible for Editor in 28.09 ms, found 3 plugins.
Preloading 0 native plugins for Editor in 0.00 ms.

-------------------------------------------------------------------------------
Build Report
Information on used Assets is not available, since player data was not rebuilt.
Do a clean build to view the Asset build report information.
-------------------------------------------------------------------------------
Unloading 5 Unused Serialized files (Serialized files now loaded: 0)
Unloading 298 unused Assets / (1.5 MB). Loaded Objects now: 9906.
Memory consumption went from 240.9 MB to 239.4 MB.
Total: 16.033100 ms (FindLiveObjects: 1.630200 ms CreateObjectMapping: 1.002900 ms MarkObjects: 11.858300 ms  DeleteObjects: 1.540900 ms)

DisplayProgressNotification: Build Successful
Build Finished, Result: Success.
##utp:{"type":"PlayerBuildInfo","version":2,"phase":"Immediate","time":1788415395744,"processId":67396,"steps":[{"description":"Preprocess Player","duration":385},{"description":"Prepare For Build","duration":6864},{"description":"ProducePlayerScriptAssemblies","duration":7233},{"description":"Verify Build setup","duration":1629},{"description":"Prepare assets for target platform","duration":150},{"description":"Prepare splash screen","duration":1},{"description":"Run script only build","duration":4691},{"description":"Postprocess built player","duration":40337}],"duration":61290}
[PhysX] Initialized MultithreadedTaskDispatcher with 8 workers.
Unloading 0 Unused Serialized files (Serialized files now loaded: 0)
Loaded scene 'Temp/__Backupscenes/0.backup'
	Deserialize:            0.996 ms
	Integration:            374.627 ms
	Integration of assets:  0.002 ms
	Thread Wait Time:       0.082 ms
	Total Operation Time:   375.706 ms
Unloading 0 unused Assets / (0.5 KB). Loaded Objects now: 9870.
Memory consumption went from 233.8 MB to 233.8 MB.
Total: 14.312400 ms (FindLiveObjects: 1.052100 ms CreateObjectMapping: 1.195700 ms MarkObjects: 12.028600 ms  DeleteObjects: 0.034600 ms)

NS_BUILD_DONE result=Succeeded errors=0 warnings=7 sizeBytes=178277122 duration=00:01:01.6889542 path=C:/Users/alfam/Documents/NotesShooter_Build/NotesShooterBuild.apk
UnityEngine.StackTraceUtility:ExtractStackTrace ()
UnityEngine.DebugLogHandler:LogFormat (UnityEngine.LogType,UnityEngine.Object,string,object[])
UnityEngine.Logger:Log (UnityEngine.LogType,object)
UnityEngine.Debug:Log (object)
AndroidBuilder:BuildAndroid () (at Assets/Editor/AndroidBuilder.cs:90)

(Filename: Assets/Editor/AndroidBuilder.cs Line: 90)

Killing ADB server in 0.0940071 seconds.
[PhysX] Initialized MultithreadedTaskDispatcher with 8 workers.
Input System module state changed to: ShutdownInProgress.
Input System polling thread exited.
Input System module state changed to: Shutdown.
[Licensing::IpcConnector] LicenseClient-alfam-notifications channel disconnected successfully.
[Licensing::IpcConnector] LicenseClient-alfam channel disconnected successfully.
Cleanup mono
abort_threads: Failed aborting id: 0000000000004574, mono_thread_manage will ignore it

abort_threads: Failed aborting id: 000000000000AB78, mono_thread_manage will ignore it

abort_threads: Failed aborting id: 0000000000004748, mono_thread_manage will ignore it

debugger-agent: Unable to listen on 6288
[usbmuxd] Stop listen thread
[usbmuxd] Listen thread exiting
[Performance] WinEditorMain                                                                                                            :        1 samples, Peak.  1.53 s (1.0x), Avg.  1.53 s, Total. 1.530 s (1.6%)
[Performance] WinEditorMain.ConfigureCrashHandler                                                                                      :        1 samples, Peak.  99.4 us (1.0x), Avg.  99.4 us, Total. 99.40 us (0.0%)
[Performance] WinEditorMain.CurlRequestInitialize                                                                                      :        1 samples, Peak.  4.79 ms (1.0x), Avg.  4.79 ms, Total. 4.787 ms (0.0%)
[Performance] WinEditorMain.SetupLogFile                                                                                               :        1 samples, Peak.  1.44 ms (1.0x), Avg.  1.44 ms, Total. 1.443 ms (0.0%)
[Performance] WinEditorMain.RunNativeTestsIfRequiredAndExit                                                                            :        1 samples, Peak.   300 ns (1.0x), Avg.   300 ns, Total. 300.0 ns (0.0%)
[Performance] WinEditorMain.Licensing                                                                                                  :        1 samples, Peak.  1.47 s (1.0x), Avg.  1.47 s, Total. 1.473 s (1.5%)
[Performance] WinEditorMain.InitializeCrashHandler                                                                                     :        1 samples, Peak.  13.2 ms (1.0x), Avg.  13.2 ms, Total. 13.17 ms (0.0%)
[Performance] WinEditorMain.CreateApplication                                                                                          :        1 samples, Peak.  33.1 ms (1.0x), Avg.  33.1 ms, Total. 33.06 ms (0.0%)
[Performance] Application.InitializeProject                                                                                            :        1 samples, Peak.  24.1 s (1.0x), Avg.  24.1 s, Total. 24.12 s (24.6%)
[Performance] Application.PackageManager.StartServer                                                                                   :        1 samples, Peak.  11.9 ms (1.0x), Avg.  11.9 ms, Total. 11.91 ms (0.0%)
[Performance] Application.AcquireProjectLock                                                                                           :        1 samples, Peak.  14.6 ms (1.0x), Avg.  14.6 ms, Total. 14.61 ms (0.0%)
[Performance] Application.InitializeEngineNoGraphics                                                                                   :        1 samples, Peak.  76.4 ms (1.0x), Avg.  76.4 ms, Total. 76.45 ms (0.1%)
[Performance] Application.PackageManager.Initialize                                                                                    :        1 samples, Peak.   420 ms (1.0x), Avg.   420 ms, Total. 420.2 ms (0.4%)
[Performance] Connecting to Package Manager                                                                                            :       43 samples, Peak.  65.2 us (17.4x), Avg.  3.74 us, Total. 160.8 us (0.0%)
[Performance] Application.EngineGraphics.Initialize                                                                                    :        1 samples, Peak.   172 ms (1.0x), Avg.   172 ms, Total. 172.1 ms (0.2%)
[Performance] Application.GI.Initialize                                                                                                :        1 samples, Peak.  3.34 ms (1.0x), Avg.  3.34 ms, Total. 3.339 ms (0.0%)
[Performance] Application.LoadAllDefaultResourcesFromEditor                                                                            :        1 samples, Peak.  2.71 ms (1.0x), Avg.  2.71 ms, Total. 2.705 ms (0.0%)
[Performance] Application.LoadMonoAssemblies                                                                                           :        1 samples, Peak.  3.22 s (1.0x), Avg.  3.22 s, Total. 3.217 s (3.3%)
[Performance] RestoreManagedReferences                                                                                                 :        2 samples, Peak.   105 ms (2.0x), Avg.  52.6 ms, Total. 105.3 ms (0.1%)
[Performance] InitializeOnLoad DrivenRectTransformUndo                                                                                 :        2 samples, Peak.   750 us (1.1x), Avg.   665 us, Total. 1.329 ms (0.0%)
[Performance] InitializeOnLoad SceneSearch                                                                                             :        2 samples, Peak.   260 us (1.3x), Avg.   193 us, Total. 385.8 us (0.0%)
[Performance] InitializeOnLoad CloudBuild                                                                                              :        2 samples, Peak.  8.40 us (1.3x), Avg.  6.50 us, Total. 13.00 us (0.0%)
[Performance] InitializeOnLoad NativeFormatImporterUtility                                                                             :        2 samples, Peak.  2.65 ms (1.1x), Avg.  2.40 ms, Total. 4.797 ms (0.0%)
[Performance] InitializeOnLoad SearchService                                                                                           :        2 samples, Peak.   165 us (1.2x), Avg.   137 us, Total. 274.1 us (0.0%)
[Performance] InitializeOnLoad SettingsService                                                                                         :        2 samples, Peak.  15.3 us (1.4x), Avg.  11.0 us, Total. 22.10 us (0.0%)
[Performance] InitializeOnLoad WindowLayout                                                                                            :        2 samples, Peak.   325 us (1.1x), Avg.   286 us, Total. 571.9 us (0.0%)
[Performance] InitializeOnLoad AssetStoreContext                                                                                       :        2 samples, Peak.  6.77 ms (1.2x), Avg.  5.52 ms, Total. 11.05 ms (0.0%)
[Performance] InitializeOnLoad PoolManager                                                                                             :        2 samples, Peak.   969 us (1.1x), Avg.   867 us, Total. 1.735 ms (0.0%)
[Performance] InitializeOnLoad MixerEffectDefinitionReloader                                                                           :        2 samples, Peak.  3.17 ms (1.2x), Avg.  2.63 ms, Total. 5.259 ms (0.0%)
[Performance] InitializeOnLoad ProjectSearch                                                                                           :        2 samples, Peak.   223 us (1.6x), Avg.   141 us, Total. 281.1 us (0.0%)
[Performance] InitializeOnLoad UISystemProfilerRenderService                                                                           :        2 samples, Peak.  15.6 us (1.3x), Avg.  12.1 us, Total. 24.10 us (0.0%)
[Performance] InitializeOnLoad EditMode                                                                                                :        2 samples, Peak.   499 us (1.1x), Avg.   475 us, Total. 949.9 us (0.0%)
[Performance] InitializeOnLoad UnityConnect                                                                                            :        2 samples, Peak.  88.0 us (1.1x), Avg.  78.0 us, Total. 156.0 us (0.0%)
[Performance] InitializeOnLoad ManagedDebugger                                                                                         :        2 samples, Peak.   627 us (1.6x), Avg.   404 us, Total. 808.2 us (0.0%)
[Performance] InitializeOnLoad ShortcutIntegration                                                                                     :        2 samples, Peak.  75.0 us (1.1x), Avg.  69.2 us, Total. 138.5 us (0.0%)
[Performance] InitializeOnLoad AddComponentWindow                                                                                      :        2 samples, Peak.   149 us (1.1x), Avg.   133 us, Total. 266.3 us (0.0%)
[Performance] InitializeOnLoad ManagedDebuggerWindow                                                                                   :        2 samples, Peak.   206 us (1.2x), Avg.   178 us, Total. 356.6 us (0.0%)
[Performance] InitializeOnLoad CacheServerWindow                                                                                       :        2 samples, Peak.  17.5 us (1.4x), Avg.  12.4 us, Total. 24.80 us (0.0%)
[Performance] InitializeOnLoad PlayModeDownload                                                                                        :        2 samples, Peak.  4.97 ms (1.9x), Avg.  2.58 ms, Total. 5.160 ms (0.0%)
[Performance] InitializeOnLoad MenuItems                                                                                               :        2 samples, Peak.   120 us (1.1x), Avg.   110 us, Total. 220.6 us (0.0%)
[Performance] InitializeOnLoad PrefabInstanceChangedListener                                                                           :        2 samples, Peak.   199 us (1.1x), Avg.   181 us, Total. 361.5 us (0.0%)
[Performance] InitializeOnLoad ObjectSelectorSearch                                                                                    :        2 samples, Peak.  70.0 us (1.2x), Avg.  58.4 us, Total. 116.7 us (0.0%)
[Performance] InitializeOnLoad EditorMonitor                                                                                           :        2 samples, Peak.   946 us (1.3x), Avg.   702 us, Total. 1.404 ms (0.0%)
[Performance] InitializeOnLoad RetainedMode                                                                                            :        2 samples, Peak.  3.16 ms (1.1x), Avg.  2.80 ms, Total. 5.598 ms (0.0%)
[Performance] InitializeOnLoad EditorShaderLoader                                                                                      :        2 samples, Peak.   960 us (1.2x), Avg.   833 us, Total. 1.665 ms (0.0%)
[Performance] InitializeOnLoad EditorDelegateRegistration                                                                              :        2 samples, Peak.   742 us (1.2x), Avg.   594 us, Total. 1.189 ms (0.0%)
[Performance] InitializeOnLoad UIDocumentHierarchyWatcher                                                                              :        2 samples, Peak.   126 us (1.2x), Avg.   106 us, Total. 211.8 us (0.0%)
[Performance] InitializeOnLoad LiveReloadTrackerCreator                                                                                :        2 samples, Peak.   380 us (1.5x), Avg.   261 us, Total. 521.6 us (0.0%)
[Performance] InitializeOnLoad UxmlObjectEditorFactories                                                                               :        2 samples, Peak.  1.20 ms (1.5x), Avg.   810 us, Total. 1.620 ms (0.0%)
[Performance] InitializeOnLoad UXMLEditorFactories                                                                                     :        2 samples, Peak.  93.0 ms (1.2x), Avg.  77.5 ms, Total. 154.9 ms (0.2%)
[Performance] InitializeOnLoad PurchasingService                                                                                       :        2 samples, Peak.  10.8 ms (1.1x), Avg.  10.1 ms, Total. 20.14 ms (0.0%)
[Performance] InitializeOnLoad CloudBuildPoller                                                                                        :        2 samples, Peak.   166 us (1.2x), Avg.   140 us, Total. 280.4 us (0.0%)
[Performance] InitializeOnLoad EditorGameServicesAnalytics                                                                             :        2 samples, Peak.  1.57 ms (1.4x), Avg.  1.10 ms, Total. 2.193 ms (0.0%)
[Performance] InitializeOnLoad AnalyticsService                                                                                        :        2 samples, Peak.   293 us (1.1x), Avg.   261 us, Total. 522.1 us (0.0%)
[Performance] InitializeOnLoad BuildService                                                                                            :        2 samples, Peak.   242 us (1.2x), Avg.   200 us, Total. 400.4 us (0.0%)
[Performance] InitializeOnLoad AdsService                                                                                              :        2 samples, Peak.   652 us (1.1x), Avg.   581 us, Total. 1.162 ms (0.0%)
[Performance] InitializeOnLoad UDPService                                                                                              :        2 samples, Peak.   239 us (1.1x), Avg.   222 us, Total. 443.1 us (0.0%)
[Performance] InitializeOnLoad CrashService                                                                                            :        2 samples, Peak.   210 us (1.1x), Avg.   183 us, Total. 366.5 us (0.0%)
[Performance] InitializeOnLoad ServicesRepository                                                                                      :        2 samples, Peak.  1.10 us (1.0x), Avg.  1.05 us, Total. 2.100 us (0.0%)
[Performance] InitializeOnLoad SearchWindow                                                                                            :        2 samples, Peak.   192 us (1.2x), Avg.   155 us, Total. 309.4 us (0.0%)
[Performance] InitializeOnLoad CustomIndexers                                                                                          :        2 samples, Peak.  22.0 ms (1.0x), Avg.  21.1 ms, Total. 42.29 ms (0.0%)
[Performance] InitializeOnLoad SearchMonitor                                                                                           :        2 samples, Peak.  1.46 ms (1.3x), Avg.  1.13 ms, Total. 2.270 ms (0.0%)
[Performance] InitializeOnLoad ParameterControllerEditor                                                                               :        2 samples, Peak.  33.6 us (1.2x), Avg.  28.5 us, Total. 57.10 us (0.0%)
[Performance] InitializeOnLoad LayerSettingsWindow                                                                                     :        2 samples, Peak.  43.6 us (1.8x), Avg.  24.2 us, Total. 48.50 us (0.0%)
[Performance] InitializeOnLoad PackageManagerHookGUIDConverter.RegisterPackagesEventHandler                                            :        2 samples, Peak.   868 us (1.8x), Avg.   484 us, Total. 968.7 us (0.0%)
[Performance] InitializeOnLoad EditorDragAndDrop.RegisterEditorClient                                                                  :        2 samples, Peak.   463 us (1.3x), Avg.   357 us, Total. 713.8 us (0.0%)
[Performance] InitializeOnLoad EditorEventCallbacks.InitializeFontAssetResourceChangeCallBacks                                         :        2 samples, Peak.  1.48 ms (1.1x), Avg.  1.32 ms, Total. 2.644 ms (0.0%)
[Performance] InitializeOnLoad SceneTemplateService.Init                                                                               :        2 samples, Peak.  1.39 ms (1.0x), Avg.  1.33 ms, Total. 2.660 ms (0.0%)
[Performance] InitializeOnLoad DiagnosticSwitchesConsoleMessage.Init                                                                   :        2 samples, Peak.  8.57 ms (1.7x), Avg.  4.91 ms, Total. 9.829 ms (0.0%)
[Performance] InitializeOnLoad PackageManagerWindow.EditorInitializedInSafeMode                                                        :        2 samples, Peak.  27.4 ms (2.0x), Avg.  13.9 ms, Total. 27.77 ms (0.0%)
[Performance] InitializeOnLoad ToolShortcutContext.Init                                                                                :        2 samples, Peak.   244 us (1.2x), Avg.   202 us, Total. 403.9 us (0.0%)
[Performance] InitializeOnLoad MemoryProfilerCompilationGuard.InjectCompileGuard                                                       :        2 samples, Peak.   180 us (1.3x), Avg.   142 us, Total. 283.1 us (0.0%)
[Performance] InitializeOnLoad AssetPostprocessingInternal.RefreshCustomDependencies                                                   :        2 samples, Peak.  3.45 ms (1.1x), Avg.  3.18 ms, Total. 6.360 ms (0.0%)
[Performance] InitializeOnLoad SysrootManager.Initialize                                                                               :        2 samples, Peak.   676 us (1.3x), Avg.   533 us, Total. 1.066 ms (0.0%)
[Performance] InitializeOnLoad ScopedRegistryAddedPopup.SubscribeToRegistriesAdded                                                     :        2 samples, Peak.  11.7 ms (2.0x), Avg.  5.92 ms, Total. 11.85 ms (0.0%)
[Performance] InitializeOnLoad SceneVisibilityManager.Initialize                                                                       :        2 samples, Peak.  3.22 ms (1.3x), Avg.  2.42 ms, Total. 4.832 ms (0.0%)
[Performance] InitializeOnLoad EditorWindow.Initialize                                                                                 :        2 samples, Peak.   415 us (1.2x), Avg.   332 us, Total. 664.8 us (0.0%)
[Performance] AssemblyReloadEvents.afterAssemblyReload: UnityEditor.SceneTemplate.SceneTemplateService.AfterAssemblyReload             :        2 samples, Peak.  5.98 ms (1.9x), Avg.  3.14 ms, Total. 6.281 ms (0.0%)
[Performance] ProcessService.EditorAfterLoadAllAssemblies                                                                              :        2 samples, Peak.   611 us (1.4x), Avg.   436 us, Total. 871.6 us (0.0%)
[Performance] Application.ReadLicenseInfo                                                                                              :        1 samples, Peak.  29.6 ms (1.0x), Avg.  29.6 ms, Total. 29.64 ms (0.0%)
[Performance] Application.InitialRefresh                                                                                               :        1 samples, Peak.  18.0 s (1.0x), Avg.  18.0 s, Total. 17.96 s (18.3%)
[Performance] Compiling Scripts                                                                                                        :        1 samples, Peak.  4.04 s (1.0x), Avg.  4.04 s, Total. 4.042 s (4.1%)
[Performance] AssemblyReloadEvents.beforeAssemblyReload: UnityEditor.SceneTemplate.SceneTemplateService.BeforeAssemblyReload           :        1 samples, Peak.   740 us (1.0x), Avg.   740 us, Total. 739.8 us (0.0%)
[Performance] InitializeOnLoad DeEditorNotification                                                                                    :        1 samples, Peak.   600 us (1.0x), Avg.   600 us, Total. 599.7 us (0.0%)
[Performance] InitializeOnLoad DeScriptExecutionOrderManager                                                                           :        1 samples, Peak.   376 us (1.0x), Avg.   376 us, Total. 376.3 us (0.0%)
[Performance] InitializeOnLoad PackageRemovalProcessor                                                                                 :        1 samples, Peak.   301 us (1.0x), Avg.   301 us, Total. 300.8 us (0.0%)
[Performance] InitializeOnLoad DOTweenProEditorManager                                                                                 :        1 samples, Peak.   366 us (1.0x), Avg.   366 us, Total. 366.1 us (0.0%)
[Performance] InitializeOnLoad Initializer                                                                                             :        2 samples, Peak.   276 us (1.1x), Avg.   251 us, Total. 501.7 us (0.0%)
[Performance] InitializeOnLoad ES3ScriptingDefineSymbols                                                                               :        1 samples, Peak.  4.80 ms (1.0x), Avg.  4.80 ms, Total. 4.799 ms (0.0%)
[Performance] InitializeOnLoad ES3Postprocessor                                                                                        :        1 samples, Peak.  1.97 ms (1.0x), Avg.  1.97 ms, Total. 1.973 ms (0.0%)
[Performance] InitializeOnLoad CrossPlatformInitialize                                                                                 :        1 samples, Peak.   653 us (1.0x), Avg.   653 us, Total. 653.3 us (0.0%)
[Performance] InitializeOnLoad BurstLoader                                                                                             :        1 samples, Peak.  3.72 s (1.0x), Avg.  3.72 s, Total. 3.724 s (3.8%)
[Performance] InitializeOnLoad ShadowCasterGroup2DManager                                                                              :        1 samples, Peak.   130 us (1.0x), Avg.   130 us, Total. 129.8 us (0.0%)
[Performance] InitializeOnLoad Startup                                                                                                 :        1 samples, Peak.  1.63 ms (1.0x), Avg.  1.63 ms, Total. 1.630 ms (0.0%)
[Performance] InitializeOnLoad CoreStatsIntegration                                                                                    :        1 samples, Peak.   446 us (1.0x), Avg.   446 us, Total. 446.3 us (0.0%)
[Performance] InitializeOnLoad ThreadUtility                                                                                           :        1 samples, Peak.   662 us (1.0x), Avg.   662 us, Total. 661.7 us (0.0%)
[Performance] InitializeOnLoad InspectorFreezeFix                                                                                      :        1 samples, Peak.   335 us (1.0x), Avg.   335 us, Total. 334.9 us (0.0%)
[Performance] InitializeOnLoad EditorCodePatcher                                                                                       :        1 samples, Peak.  8.84 ms (1.0x), Avg.  8.84 ms, Total. 8.842 ms (0.0%)
[Performance] InitializeOnLoad HotReloadCli                                                                                            :        1 samples, Peak.   138 us (1.0x), Avg.   138 us, Total. 138.5 us (0.0%)
[Performance] InitializeOnLoad OnDomainReload                                                                                          :        1 samples, Peak.   711 us (1.0x), Avg.   711 us, Total. 711.1 us (0.0%)
[Performance] InitializeOnLoad EditorInitialize                                                                                        :        5 samples, Peak.  26.4 ms (4.4x), Avg.  6.05 ms, Total. 30.26 ms (0.0%)
[Performance] InitializeOnLoad CanvasesAndTheirOwners                                                                                  :        1 samples, Peak.   281 us (1.0x), Avg.   281 us, Total. 280.9 us (0.0%)
[Performance] InitializeOnLoad DefineSetter                                                                                            :        1 samples, Peak.  5.15 ms (1.0x), Avg.  5.15 ms, Total. 5.152 ms (0.0%)
[Performance] InitializeOnLoad ProbeGIBaking                                                                                           :        1 samples, Peak.  3.94 ms (1.0x), Avg.  3.94 ms, Total. 3.937 ms (0.0%)
[Performance] InitializeOnLoad FilterWindow                                                                                            :        1 samples, Peak.  73.7 us (1.0x), Avg.  73.7 us, Total. 73.70 us (0.0%)
[Performance] InitializeOnLoad RealtimeProbeSubdivisionDebug                                                                           :        1 samples, Peak.   495 us (1.0x), Avg.   495 us, Total. 495.2 us (0.0%)
[Performance] InitializeOnLoad SyncCacheEnabledSetting                                                                                 :        1 samples, Peak.   972 us (1.0x), Avg.   972 us, Total. 972.0 us (0.0%)
[Performance] InitializeOnLoad CinemachineEditorAnalytics                                                                              :        1 samples, Peak.   128 us (1.0x), Avg.   128 us, Total. 128.0 us (0.0%)
[Performance] InitializeOnLoad SaveDuringPlay                                                                                          :        1 samples, Peak.   123 us (1.0x), Avg.   123 us, Total. 122.9 us (0.0%)
[Performance] InitializeOnLoad CreatePipelineWithUndo                                                                                  :        1 samples, Peak.   410 us (1.0x), Avg.   410 us, Total. 410.0 us (0.0%)
[Performance] InitializeOnLoad CollectGizmoDrawers                                                                                     :        1 samples, Peak.  13.5 ms (1.0x), Avg.  13.5 ms, Total. 13.49 ms (0.0%)
[Performance] InitializeOnLoad CreateRigWithUndo                                                                                       :        1 samples, Peak.   394 us (1.0x), Avg.   394 us, Total. 393.9 us (0.0%)
[Performance] InitializeOnLoad CinemachineScreenComposerGuidesGlobalDraggable                                                          :        1 samples, Peak.   403 us (1.0x), Avg.   403 us, Total. 402.7 us (0.0%)
[Performance] InitializeOnLoad CinemachineColliderPrefs                                                                                :        1 samples, Peak.   330 us (1.0x), Avg.   330 us, Total. 329.8 us (0.0%)
[Performance] InitializeOnLoad CinemachineStoryboardMute                                                                               :        1 samples, Peak.   240 us (1.0x), Avg.   240 us, Total. 240.2 us (0.0%)
[Performance] InitializeOnLoad RegisterCheckResourcesDupeDependencies                                                                  :        1 samples, Peak.  2.16 ms (1.0x), Avg.  2.16 ms, Total. 2.160 ms (0.0%)
[Performance] InitializeOnLoad RegisterCheckBundleDupeDependencies                                                                     :        1 samples, Peak.   316 us (1.0x), Avg.   316 us, Total. 315.8 us (0.0%)
[Performance] InitializeOnLoad AddressableEditorInitialization                                                                         :        1 samples, Peak.  7.22 ms (1.0x), Avg.  7.22 ms, Total. 7.218 ms (0.0%)
[Performance] InitializeOnLoad GroupsPopupWindow                                                                                       :        1 samples, Peak.  13.2 us (1.0x), Avg.  13.2 us, Total. 13.20 us (0.0%)
[Performance] InitializeOnLoad GlobalInitialization                                                                                    :        1 samples, Peak.   662 us (1.0x), Avg.   662 us, Total. 661.8 us (0.0%)
[Performance] InitializeOnLoad RegisterCheckSceneDupeDependencies                                                                      :        1 samples, Peak.   161 us (1.0x), Avg.   161 us, Total. 161.4 us (0.0%)
[Performance] InitializeOnLoad RegisterBuildBundleLayout                                                                               :        1 samples, Peak.   141 us (1.0x), Avg.   141 us, Total. 141.4 us (0.0%)
[Performance] InitializeOnLoad AddressableAssetInspectorGUI                                                                            :        1 samples, Peak.  42.4 ms (1.0x), Avg.  42.4 ms, Total. 42.35 ms (0.0%)
[Performance] EditorResources.Load                                                                                                     :        3 samples, Peak.  34.9 ms (3.0x), Avg.  11.7 ms, Total. 35.22 ms (0.0%)
[Performance] InitializeOnLoad PrefColorBridge                                                                                         :        1 samples, Peak.  1.63 ms (1.0x), Avg.  1.63 ms, Total. 1.629 ms (0.0%)
[Performance] InitializeOnLoad DrivenPropertyDrawer                                                                                    :        1 samples, Peak.   642 us (1.0x), Avg.   642 us, Total. 641.7 us (0.0%)
[Performance] InitializeOnLoad LocaleAnalyzeRule                                                                                       :        1 samples, Peak.   365 us (1.0x), Avg.   365 us, Total. 365.3 us (0.0%)
[Performance] InitializeOnLoad LocalizeComponent                                                                                       :        1 samples, Peak.  4.78 ms (1.0x), Avg.  4.78 ms, Total. 4.783 ms (0.0%)
[Performance] InitializeOnLoad StringTableAnalyzeRule                                                                                  :        1 samples, Peak.   285 us (1.0x), Avg.   285 us, Total. 284.5 us (0.0%)
[Performance] InitializeOnLoad LocalizeComponent_UGUI                                                                                  :        1 samples, Peak.   520 us (1.0x), Avg.   520 us, Total. 520.2 us (0.0%)
[Performance] InitializeOnLoad LocalizeComponent_TMPro                                                                                 :        1 samples, Peak.   127 us (1.0x), Avg.   127 us, Total. 127.1 us (0.0%)
[Performance] InitializeOnLoad AssetTableAnalyzeRule                                                                                   :        1 samples, Peak.   265 us (1.0x), Avg.   265 us, Total. 264.8 us (0.0%)
[Performance] InitializeOnLoad ContextualPropertyMenu                                                                                  :        1 samples, Peak.   271 us (1.0x), Avg.   271 us, Total. 270.7 us (0.0%)
[Performance] InitializeOnLoad ScenePropertyTracker                                                                                    :        1 samples, Peak.   203 us (1.0x), Avg.   203 us, Total. 203.0 us (0.0%)
[Performance] InitializeOnLoad GameViewLanguageMenu                                                                                    :        1 samples, Peak.  1.93 ms (1.0x), Avg.  1.93 ms, Total. 1.932 ms (0.0%)
[Performance] InitializeOnLoad BackgroundWatcher                                                                                       :        1 samples, Peak.   295 us (1.0x), Avg.   295 us, Total. 294.5 us (0.0%)
[Performance] InitializeOnLoad UnityTestProtocolStarter                                                                                :        1 samples, Peak.   574 us (1.0x), Avg.   574 us, Total. 573.8 us (0.0%)
[Performance] InitializeOnLoad TestStarter                                                                                             :        1 samples, Peak.  1.27 ms (1.0x), Avg.  1.27 ms, Total. 1.268 ms (0.0%)
[Performance] InitializeOnLoad RerunCallbackInitializer                                                                                :        1 samples, Peak.  6.13 ms (1.0x), Avg.  6.13 ms, Total. 6.133 ms (0.0%)
[Performance] InitializeOnLoad RiderScriptEditor                                                                                       :        1 samples, Peak.  12.4 ms (1.0x), Avg.  12.4 ms, Total. 12.36 ms (0.0%)
[Performance] InitializeOnLoad CallbackInitializer                                                                                     :        1 samples, Peak.  2.36 ms (1.0x), Avg.  2.36 ms, Total. 2.357 ms (0.0%)
[Performance] InitializeOnLoad SpriteEditorWindow                                                                                      :        1 samples, Peak.   735 us (1.0x), Avg.   735 us, Total. 735.1 us (0.0%)
[Performance] InitializeOnLoad NodeClassCache                                                                                          :        1 samples, Peak.  9.40 us (1.0x), Avg.  9.40 us, Total. 9.400 us (0.0%)
[Performance] InitializeOnLoad ShaderGraphMaterialsUpdater                                                                             :        2 samples, Peak.   550 us (1.4x), Avg.   382 us, Total. 765.0 us (0.0%)
[Performance] InitializeOnLoad VFXGraphPreprocessor                                                                                    :        1 samples, Peak.   369 us (1.0x), Avg.   369 us, Total. 368.8 us (0.0%)
[Performance] InitializeOnLoad SamplesLinkPackageManagerExtension                                                                      :        1 samples, Peak.   511 us (1.0x), Avg.   511 us, Total. 511.0 us (0.0%)
[Performance] InitializeOnLoad VisualEffectAssetEditorUtility                                                                          :        1 samples, Peak.   633 us (1.0x), Avg.   633 us, Total. 633.5 us (0.0%)
[Performance] InitializeOnLoad VFXFilterWindow                                                                                         :        1 samples, Peak.  81.8 us (1.0x), Avg.  81.8 us, Total. 81.80 us (0.0%)
[Performance] InitializeOnLoad ServerStateWatchdog                                                                                     :        1 samples, Peak.   263 us (1.0x), Avg.   263 us, Total. 263.2 us (0.0%)
[Performance] InitializeOnLoad MainThreadSwitcher                                                                                      :        1 samples, Peak.  1.05 ms (1.0x), Avg.  1.05 ms, Total. 1.054 ms (0.0%)
[Performance] InitializeOnLoad DomainReloadDetectionService                                                                            :        1 samples, Peak.   401 us (1.0x), Avg.   401 us, Total. 400.9 us (0.0%)
[Performance] InitializeOnLoad ServerBundleCopier                                                                                      :        1 samples, Peak.  6.97 ms (1.0x), Avg.  6.97 ms, Total. 6.973 ms (0.0%)
[Performance] InitializeOnLoad MouseDragState                                                                                          :        1 samples, Peak.   240 us (1.0x), Avg.   240 us, Total. 240.3 us (0.0%)
[Performance] InitializeOnLoad McpServerController                                                                                     :        1 samples, Peak.  2.36 ms (1.0x), Avg.  2.36 ms, Total. 2.359 ms (0.0%)
[Performance] InitializeOnLoad ConnectedToolsMonitoringService                                                                         :        1 samples, Peak.  16.0 ms (1.0x), Avg.  16.0 ms, Total. 16.03 ms (0.0%)
[Performance] InitializeOnLoad CompilationLockService                                                                                  :        1 samples, Peak.   173 us (1.0x), Avg.   173 us, Total. 172.9 us (0.0%)
[Performance] InitializeOnLoad EditorDelayManager                                                                                      :        1 samples, Peak.   260 us (1.0x), Avg.   260 us, Total. 260.0 us (0.0%)
[Performance] InitializeOnLoad LogGetter                                                                                               :        1 samples, Peak.  1.00 ms (1.0x), Avg.  1.00 ms, Total. 1.000 ms (0.0%)
[Performance] InitializeOnLoad PlasticPlugin                                                                                           :        1 samples, Peak.   242 ms (1.0x), Avg.   242 ms, Total. 241.9 ms (0.2%)
[Performance] InitializeOnLoad EditorToolManager                                                                                       :        1 samples, Peak.  2.32 ms (1.0x), Avg.  2.32 ms, Total. 2.321 ms (0.0%)
[Performance] InitializeOnLoad Renderer2DAnalytics                                                                                     :        1 samples, Peak.   256 us (1.0x), Avg.   256 us, Total. 255.7 us (0.0%)
[Performance] InitializeOnLoad ToolbarBootstrap                                                                                        :        1 samples, Peak.   174 ms (1.0x), Avg.   174 ms, Total. 173.6 ms (0.2%)
[Performance] InitializeOnLoad PurchasingServiceAnalyticsSender                                                                        :        1 samples, Peak.  1.93 ms (1.0x), Avg.  1.93 ms, Total. 1.928 ms (0.0%)
[Performance] InitializeOnLoad UnityPurchasingEditor                                                                                   :        1 samples, Peak.  1.89 ms (1.0x), Avg.  1.89 ms, Total. 1.891 ms (0.0%)
[Performance] InitializeOnLoad PurchasingImporter                                                                                      :        1 samples, Peak.   335 us (1.0x), Avg.   335 us, Total. 334.8 us (0.0%)
[Performance] InitializeOnLoad VSCodeScriptEditor                                                                                      :        1 samples, Peak.  9.96 ms (1.0x), Avg.  9.96 ms, Total. 9.961 ms (0.0%)
[Performance] InitializeOnLoad VSUsageUtility                                                                                          :        1 samples, Peak.  61.4 ms (1.0x), Avg.  61.4 ms, Total. 61.41 ms (0.1%)
[Performance] InitializeOnLoad VisualStudioEditor                                                                                      :        1 samples, Peak.  7.74 ms (1.0x), Avg.  7.74 ms, Total. 7.741 ms (0.0%)
[Performance] InitializeOnLoad TestRunnerApiListener                                                                                   :        1 samples, Peak.   974 us (1.0x), Avg.   974 us, Total. 974.0 us (0.0%)
[Performance] InitializeOnLoad VisualStudioIntegration                                                                                 :        1 samples, Peak.   770 us (1.0x), Avg.   770 us, Total. 770.0 us (0.0%)
[Performance] InitializeOnLoad PrefabLayoutRebuilder                                                                                   :        1 samples, Peak.   376 us (1.0x), Avg.   376 us, Total. 375.9 us (0.0%)
[Performance] InitializeOnLoad AnalyticsImporter                                                                                       :        1 samples, Peak.  1.28 ms (1.0x), Avg.  1.28 ms, Total. 1.277 ms (0.0%)
[Performance] InitializeOnLoad AnalyticsEventTrackerEditorCallbacks                                                                    :        1 samples, Peak.   603 us (1.0x), Avg.   603 us, Total. 603.3 us (0.0%)
[Performance] InitializeOnLoad SRIntegrityCheckWindow                                                                                  :        1 samples, Peak.   561 us (1.0x), Avg.   561 us, Total. 561.2 us (0.0%)
[Performance] InitializeOnLoad Migrations                                                                                              :        1 samples, Peak.  1.20 ms (1.0x), Avg.  1.20 ms, Total. 1.198 ms (0.0%)
[Performance] InitializeOnLoad WelcomeWindow                                                                                           :        1 samples, Peak.   125 us (1.0x), Avg.   125 us, Total. 124.9 us (0.0%)
[Performance] InitializeOnLoad NavigationWindow                                                                                        :        1 samples, Peak.  1.27 ms (1.0x), Avg.  1.27 ms, Total. 1.267 ms (0.0%)
[Performance] InitializeOnLoad VersionHandler                                                                                          :        1 samples, Peak.   411 ms (1.0x), Avg.   411 ms, Total. 410.8 ms (0.4%)
[Performance] InitializeOnLoad DotNetVersionUpdater                                                                                    :        1 samples, Peak.   216 us (1.0x), Avg.   216 us, Total. 216.0 us (0.0%)
[Performance] InitializeOnLoad VersionHandlerImpl                                                                                      :        1 samples, Peak.  1.90 us (1.0x), Avg.  1.90 us, Total. 1.900 us (0.0%)
[Performance] InitializeOnLoad BuildTargetChecker                                                                                      :        1 samples, Peak.  29.7 ms (1.0x), Avg.  29.7 ms, Total. 29.75 ms (0.0%)
[Performance] InitializeOnLoad RunOnMainThread                                                                                         :        1 samples, Peak.  2.60 us (1.0x), Avg.  2.60 us, Total. 2.600 us (0.0%)
[Performance] InitializeOnLoad PackageUninstallWindow                                                                                  :        1 samples, Peak.  98.9 us (1.0x), Avg.  98.9 us, Total. 98.90 us (0.0%)
[Performance] InitializeOnLoad PlayServicesResolver                                                                                    :        1 samples, Peak.  36.8 ms (1.0x), Avg.  36.8 ms, Total. 36.83 ms (0.0%)
[Performance] InitializeOnLoad IOSResolver                                                                                             :        1 samples, Peak.  5.26 ms (1.0x), Avg.  5.26 ms, Total. 5.257 ms (0.0%)
[Performance] InitializeOnLoad PackageMigrator                                                                                         :        1 samples, Peak.  4.35 ms (1.0x), Avg.  4.35 ms, Total. 4.350 ms (0.0%)
[Performance] InitializeOnLoad PackageManagerResolver                                                                                  :        1 samples, Peak.  2.50 us (1.0x), Avg.  2.50 us, Total. 2.500 us (0.0%)
[Performance] InitializeOnLoad Addressables.RegisterPlayModeStateChange                                                                :        1 samples, Peak.   115 us (1.0x), Avg.   115 us, Total. 115.4 us (0.0%)
[Performance] InitializeOnLoad AssetReference.RegisterForPlaymodeChange                                                                :        1 samples, Peak.   323 us (1.0x), Avg.   323 us, Total. 323.0 us (0.0%)
[Performance] InitializeOnLoad SceneViewGridManager.Initialize                                                                         :        1 samples, Peak.  7.59 ms (1.0x), Avg.  7.59 ms, Total. 7.593 ms (0.0%)
[Performance] InitializeOnLoad TilemapPrefabStageHelper.Initialize                                                                     :        1 samples, Peak.  3.05 ms (1.0x), Avg.  3.05 ms, Total. 3.051 ms (0.0%)
[Performance] InitializeOnLoad SceneViewOpenTilePaletteHelper.Initialize                                                               :        1 samples, Peak.  3.11 ms (1.0x), Avg.  3.11 ms, Total. 3.107 ms (0.0%)
[Performance] InitializeOnLoad TileDragAndDropManager.Initialize                                                                       :        1 samples, Peak.  1.83 ms (1.0x), Avg.  1.83 ms, Total. 1.832 ms (0.0%)
[Performance] InitializeOnLoad AddressableAssetSettings.RegisterWithAssetPostProcessor                                                 :        1 samples, Peak.  1.03 ms (1.0x), Avg.  1.03 ms, Total. 1.028 ms (0.0%)
[Performance] InitializeOnLoad AddressableAssetSettings.CheckCCDStatus                                                                 :        1 samples, Peak.   252 us (1.0x), Avg.   252 us, Total. 251.5 us (0.0%)
[Performance] InitializeOnLoad ProfileDataSourceSettings.InitializeCloudEnvironment                                                    :        1 samples, Peak.   422 us (1.0x), Avg.   422 us, Total. 422.4 us (0.0%)
[Performance] InitializeOnLoad AddressablesBuildScriptHooks.Init                                                                       :        1 samples, Peak.   105 us (1.0x), Avg.   105 us, Total. 104.7 us (0.0%)
[Performance] InitializeOnLoad AddressablesPlayerBuildProcessor.CleanTemporaryPlayerBuildData                                          :        1 samples, Peak.   887 us (1.0x), Avg.   887 us, Total. 886.5 us (0.0%)
[Performance] InitializeOnLoad MobileDependencyResolverInstallerUnity.InstallPlayServicesResolverIfNeeded                              :        1 samples, Peak.  1.34 ms (1.0x), Avg.  1.34 ms, Total. 1.343 ms (0.0%)
[Performance] InitializeOnLoad VisualStudioEditor.LegacyVisualStudioCodePackageDisabler                                                :        1 samples, Peak.  3.07 ms (1.0x), Avg.  3.07 ms, Total. 3.066 ms (0.0%)
[Performance] InitializeOnLoad MaterialReimporter.RegisterUpgraderReimport                                                             :        2 samples, Peak.   339 us (1.6x), Avg.   209 us, Total. 418.5 us (0.0%)
[Performance] InitializeOnLoad EditorGameServiceRegistry.RegisterAllServices                                                           :        1 samples, Peak.  17.0 ms (1.0x), Avg.  17.0 ms, Total. 16.96 ms (0.0%)
[Performance] InitializeOnLoad ServiceInstallationListener.RegisterToEvents                                                            :        1 samples, Peak.   731 us (1.0x), Avg.   731 us, Total. 731.2 us (0.0%)
[Performance] InitializeOnLoad ActionSchedulerCleaner.RegisterSchedulerCleaner                                                         :        1 samples, Peak.   462 us (1.0x), Avg.   462 us, Total. 461.7 us (0.0%)
[Performance] InitializeOnLoad SystemReflectionMetadataPreloadValidatorRegistration.Register                                           :        1 samples, Peak.   688 us (1.0x), Avg.   688 us, Total. 688.4 us (0.0%)
[Performance] InitializeOnLoad ObfuscationMigration.MigrateObfuscations                                                                :        1 samples, Peak.   551 us (1.0x), Avg.   551 us, Total. 551.3 us (0.0%)
[Performance] InitializeOnLoad UnityPurchasingEditor.MigrateBillingMode                                                                :        1 samples, Peak.  1.34 ms (1.0x), Avg.  1.34 ms, Total. 1.342 ms (0.0%)
[Performance] InitializeOnLoad UnityPurchasingEditor.CheckUdpUpmPackageInstalled                                                       :        1 samples, Peak.  1.30 ms (1.0x), Avg.  1.30 ms, Total. 1.302 ms (0.0%)
[Performance] InitializeOnLoad ProductCatalogEditor.MigrateProductCatalog                                                              :        1 samples, Peak.   338 ms (1.0x), Avg.   338 ms, Total. 337.8 ms (0.3%)
[Performance] InitializeOnLoad AssemblyTypeIndex.InvalidateOnDomainReload                                                              :        1 samples, Peak.  87.9 us (1.0x), Avg.  87.9 us, Total. 87.90 us (0.0%)
[Performance] InitializeOnLoad DynamicReferenceSetBuilder.InvalidateReferenceCacheOnDomainReload                                       :        1 samples, Peak.   280 us (1.0x), Avg.   280 us, Total. 279.6 us (0.0%)
[Performance] InitializeOnLoad McpEditorDomainReloadStateRegistration.Register                                                         :        1 samples, Peak.   376 us (1.0x), Avg.   376 us, Total. 375.7 us (0.0%)
[Performance] InitializeOnLoad McpEditorSettings.RecoverSettingsFileOnEditorLoad                                                       :        1 samples, Peak.   389 us (1.0x), Avg.   389 us, Total. 389.4 us (0.0%)
[Performance] InitializeOnLoad DomainReloadDisableScopeRecovery.RestorePendingSettingsOnEditorLoad                                     :        1 samples, Peak.   517 us (1.0x), Avg.   517 us, Total. 516.6 us (0.0%)
[Performance] InitializeOnLoad MainThreadSwitcher.Initialize                                                                           :        1 samples, Peak.  39.8 us (1.0x), Avg.  39.8 us, Total. 39.80 us (0.0%)
[Performance] InitializeOnLoad SharedRoslynCompilerWorkerHost.RegisterLifecycle                                                        :        1 samples, Peak.   625 us (1.0x), Avg.   625 us, Total. 624.5 us (0.0%)
[Performance] InitializeOnLoad DynamicCodeCompilationServiceRegistration.Register                                                      :        1 samples, Peak.   528 us (1.0x), Avg.   528 us, Total. 528.2 us (0.0%)
[Performance] InitializeOnLoad SetupWizardWindow.InitializeOnLoad                                                                      :        1 samples, Peak.   175 us (1.0x), Avg.   175 us, Total. 175.4 us (0.0%)
[Performance] InitializeOnLoad EngineStateHelper.Init                                                                                  :        1 samples, Peak.   225 us (1.0x), Avg.   225 us, Total. 224.7 us (0.0%)
[Performance] InitializeOnLoad ThreadHelper.Init                                                                                       :        1 samples, Peak.   426 us (1.0x), Avg.   426 us, Total. 425.6 us (0.0%)
[Performance] InitializeOnLoad TestJobDataHolder.ResumeRunningJobs                                                                     :        1 samples, Peak.  11.7 ms (1.0x), Avg.  11.7 ms, Total. 11.71 ms (0.0%)
[Performance] InitializeOnLoad AnalyticsReporter.RegisterCallbacks                                                                     :        1 samples, Peak.   758 us (1.0x), Avg.   758 us, Total. 758.0 us (0.0%)
[Performance] InitializeOnLoad VFXLibrary.RegisterSRPChangeCallback                                                                    :        1 samples, Peak.   417 us (1.0x), Avg.   417 us, Total. 417.4 us (0.0%)
[Performance] InitializeOnLoad DebugManagerWindowLifetimeAnalytic.SubscribeToDebugManagerOpenCloseWindows                              :        1 samples, Peak.  1.10 ms (1.0x), Avg.  1.10 ms, Total. 1.096 ms (0.0%)
[Performance] InitializeOnLoad CoreRenderPipelinePreferences.InitPreferenceProviders                                                   :        1 samples, Peak.  68.5 ms (1.0x), Avg.  68.5 ms, Total. 68.50 ms (0.1%)
[Performance] InitializeOnLoad VolumeGizmoDrawer.InitVolumeGizmoCallbacks                                                              :        1 samples, Peak.   570 us (1.0x), Avg.   570 us, Total. 569.7 us (0.0%)
[Performance] InitializeOnLoad UnityThreadUtils.CaptureUnityThreadInfo                                                                 :        1 samples, Peak.   290 us (1.0x), Avg.   290 us, Total. 290.4 us (0.0%)
[Performance] DidReloadScriptsDOTweenUtilityWindowModules.OnScriptsReloaded                                                            :        1 samples, Peak.   182 ms (1.0x), Avg.   182 ms, Total. 182.0 ms (0.2%)
[Performance] DidReloadScriptsCinemachineExtension.OnScriptReload                                                                      :        1 samples, Peak.   937 us (1.0x), Avg.   937 us, Total. 936.6 us (0.0%)
[Performance] DidReloadScriptsCinemachineVirtualCameraBase.OnScriptReload                                                              :        1 samples, Peak.   202 us (1.0x), Avg.   202 us, Total. 201.6 us (0.0%)
[Performance] DidReloadScriptsEditorUtilities.OnEditorReload                                                                           :        1 samples, Peak.  3.51 ms (1.0x), Avg.  3.51 ms, Total. 3.512 ms (0.0%)
[Performance] DidReloadScriptsTestRunnerWindow.CompilationCallback                                                                     :        1 samples, Peak.   338 us (1.0x), Avg.   338 us, Total. 337.5 us (0.0%)
[Performance] DidReloadScriptsTestListCache.ScriptReloaded                                                                             :        1 samples, Peak.  2.78 ms (1.0x), Avg.  2.78 ms, Total. 2.778 ms (0.0%)
[Performance] DidReloadScriptsLookDev.OnEditorReload                                                                                   :        1 samples, Peak.   428 us (1.0x), Avg.   428 us, Total. 427.6 us (0.0%)
[Performance] DidReloadScriptsDebugWindow.OnEditorReload                                                                               :        1 samples, Peak.  13.2 ms (1.0x), Avg.  13.2 ms, Total. 13.21 ms (0.0%)
[Performance] DidReloadScriptsVolumeComponentEditor.OnEditorReload                                                                     :        1 samples, Peak.  31.5 ms (1.0x), Avg.  31.5 ms, Total. 31.53 ms (0.0%)
[Performance] DidReloadScriptsPostProcessManager.OnEditorReload                                                                        :        1 samples, Peak.  25.7 ms (1.0x), Avg.  25.7 ms, Total. 25.66 ms (0.0%)
[Performance] DidReloadScriptsES3Postprocessor.DidReloadScripts                                                                        :        1 samples, Peak.   248 ms (1.0x), Avg.   248 ms, Total. 247.8 ms (0.3%)
[Performance] DidReloadScriptsAdvancedDropdownWindow.OnScriptReload                                                                    :        1 samples, Peak.   387 us (1.0x), Avg.   387 us, Total. 387.4 us (0.0%)
[Performance] AssemblyReloadEvents.afterAssemblyReload: io.github.hatayama.uLoopMCP.DomainReloadDetectionService.OnAfterAssemblyReload :        1 samples, Peak.   134 us (1.0x), Avg.   134 us, Total. 134.1 us (0.0%)
[Performance] AssemblyReloadEvents.afterAssemblyReload: io.github.hatayama.uLoopMCP.McpServerController.OnAfterAssemblyReload          :        1 samples, Peak.  31.0 ms (1.0x), Avg.  31.0 ms, Total. 31.02 ms (0.0%)
[Performance] CinemachineSettings.OnPostprocessAllAssets                                                                               :        4 samples, Peak.   488 us (2.3x), Avg.   213 us, Total. 852.7 us (0.0%)
[Performance] UniversalRenderPipelineGlobalSettingsPostprocessor.OnPostprocessAllAssets                                                :        4 samples, Peak.  2.34 ms (2.0x), Avg.  1.18 ms, Total. 4.708 ms (0.0%)
[Performance] SyncVS.PostprocessSyncProject                                                                                            :        2 samples, Peak.  16.8 ms (1.7x), Avg.  10.1 ms, Total. 20.19 ms (0.0%)
[Performance] Application.ImportPackagesAndSetTemplateWhenCreatingProject                                                              :        1 samples, Peak.  24.1 ms (1.0x), Avg.  24.1 ms, Total. 24.14 ms (0.0%)
[Performance] Application.SyncCurrentColorSpace                                                                                        :        1 samples, Peak.  74.6 ms (1.0x), Avg.  74.6 ms, Total. 74.61 ms (0.1%)
[Performance] Application.OnUsbDevicesChanged                                                                                          :        1 samples, Peak.  2.58 ms (1.0x), Avg.  2.58 ms, Total. 2.582 ms (0.0%)
[Performance] Application.AssetInstanceCacheUpdate                                                                                     :        1 samples, Peak.   300 ns (1.0x), Avg.   300 ns, Total. 300.0 ns (0.0%)
[Performance] Application.UnityExtensions.Initialize                                                                                   :        1 samples, Peak.  13.0 ms (1.0x), Avg.  13.0 ms, Total. 13.03 ms (0.0%)
[Performance] CodeEditorProjectSync.SyncEditorProject                                                                                  :        1 samples, Peak.   763 ms (1.0x), Avg.   763 ms, Total. 763.2 ms (0.8%)
[Performance] Application.ExecuteStartups                                                                                              :        1 samples, Peak.  36.8 ms (1.0x), Avg.  36.8 ms, Total. 36.83 ms (0.0%)
[Performance] Menu.RegisterMenuInterface                                                                                               :       26 samples, Peak.  2.50 us (9.7x), Avg.   258 ns, Total. 6.700 us (0.0%)
[Performance] Gizmo.RebuildRenderers                                                                                                   :        2 samples, Peak.  33.1 ms (1.3x), Avg.  25.7 ms, Total. 51.43 ms (0.1%)
[Performance] Gizmo.AddGizmoRenderers                                                                                                  :      358 samples, Peak.  1.83 ms (64.2x), Avg.  28.5 us, Total. 10.19 ms (0.0%)
[Performance] Application.editorInitializingProject                                                                                    :        1 samples, Peak.   274 ms (1.0x), Avg.   274 ms, Total. 274.3 ms (0.3%)
[Performance] Application.InitializeMenu                                                                                               :        1 samples, Peak.  3.00 s (1.0x), Avg.  3.00 s, Total. 3.002 s (3.1%)
[Performance] Menu.RebuildAll                                                                                                          :        1 samples, Peak.  3.00 s (1.0x), Avg.  3.00 s, Total. 3.002 s (3.1%)
[Performance] Menu.BuildRegisteredMenuInterfaces                                                                                       :        1 samples, Peak.  2.99 s (1.0x), Avg.  2.99 s, Total. 2.995 s (3.1%)
[Performance] Menu.FilterMenuItem                                                                                                      :     1343 samples, Peak.   127 ms (1327.2x), Avg.  95.5 us, Total. 128.3 ms (0.1%)
[Performance] UpdateAllMenus                                                                                                           :        1 samples, Peak.   845 us (1.0x), Avg.   845 us, Total. 844.6 us (0.0%)
[Performance] Menu.RebuildOSMainMenu                                                                                                   :        2 samples, Peak.  8.18 ms (1.1x), Avg.  7.20 ms, Total. 14.40 ms (0.0%)
[Performance] EditorSceneManager.sceneClosing: UnityEditor.SceneVisibilityManager.EditorSceneManagerOnSceneClosing                     :        2 samples, Peak.   456 us (2.0x), Avg.   232 us, Total. 464.3 us (0.0%)
[Performance] GUIView.RepaintAll.PlayerLoopController                                                                                  :        2 samples, Peak.  1.40 us (1.3x), Avg.  1.05 us, Total. 2.100 us (0.0%)
[Performance] EditorSceneManager.newSceneCreated: UnityEditor.SceneTemplate.SceneTemplateService.OnNewSceneCreated                     :        1 samples, Peak.   350 us (1.0x), Avg.   350 us, Total. 350.1 us (0.0%)
[Performance] EditorSceneManager.newSceneCreated: UnityEditor.SceneVisibilityManager.EditorSceneManagerOnNewSceneCreated               :        1 samples, Peak.   407 us (1.0x), Avg.   407 us, Total. 406.9 us (0.0%)
[Performance] EditorSceneManager.newSceneCreated: UnityEditor.SceneManagement.StageNavigationManager.OnNewSceneCreated                 :        1 samples, Peak.  89.8 us (1.0x), Avg.  89.8 us, Total. 89.80 us (0.0%)
[Performance] Application.InvokeFinishedLoadingProject                                                                                 :        1 samples, Peak.  29.6 ms (1.0x), Avg.  29.6 ms, Total. 29.63 ms (0.0%)
[Performance] ProcessService.OnProjectLoaded                                                                                           :        1 samples, Peak.  97.3 us (1.0x), Avg.  97.3 us, Total. 97.30 us (0.0%)
[Performance] VersionControl.Task.Wait                                                                                                 :        1 samples, Peak.  26.5 us (1.0x), Avg.  26.5 us, Total. 26.50 us (0.0%)
[Performance] Inspector.InitOrRebuild                                                                                                  :        2 samples, Peak.   658 us (1.3x), Avg.   506 us, Total. 1.012 ms (0.0%)
[Performance] DotNetVersionUpdater.OnWillSaveAssets                                                                                    :        2 samples, Peak.   322 us (1.7x), Avg.   193 us, Total. 386.9 us (0.0%)
[Performance] PaletteAssetModificationProcessor.OnWillSaveAssets                                                                       :        2 samples, Peak.  2.85 ms (2.0x), Avg.  1.43 ms, Total. 2.860 ms (0.0%)
[Performance] StateMacroSavedEvent.OnWillSaveAssets                                                                                    :        2 samples, Peak.   372 us (2.0x), Avg.   187 us, Total. 374.4 us (0.0%)
[Performance] FlowMacroSavedEvent.OnWillSaveAssets                                                                                     :        2 samples, Peak.   323 us (2.0x), Avg.   163 us, Total. 325.4 us (0.0%)
[Performance] AssetModificationProcessor.OnWillSaveAssets                                                                              :        2 samples, Peak.   242 us (2.0x), Avg.   123 us, Total. 245.1 us (0.0%)
[Performance] UnityCloudProjectLinkMonitor.OnWillSaveAssets                                                                            :        2 samples, Peak.   647 us (2.0x), Avg.   324 us, Total. 649.0 us (0.0%)
[Performance] VisualEffectAssetModificationProcessor.OnWillSaveAssets                                                                  :        2 samples, Peak.  1.15 ms (2.0x), Avg.   582 us, Total. 1.164 ms (0.0%)
[Performance] ES3Postprocessor.OnWillSaveAssets                                                                                        :        2 samples, Peak.   506 us (2.0x), Avg.   258 us, Total. 516.1 us (0.0%)
[Performance] BuilderAssetModificationProcessor.OnWillSaveAssets                                                                       :        2 samples, Peak.   665 us (2.0x), Avg.   335 us, Total. 670.5 us (0.0%)
[Performance] TerrainModificationProcessor.OnWillSaveAssets                                                                            :        2 samples, Peak.  1.11 ms (2.0x), Avg.   558 us, Total. 1.117 ms (0.0%)
[Performance] AssetDatabase.ImportAssets                                                                                               :        5 samples, Peak.   238 ms (5.0x), Avg.  47.6 ms, Total. 238.0 ms (0.2%)
[Performance] PresetManagerPostProcessor.OnPreprocessAsset                                                                             :        2 samples, Peak.   581 us (1.9x), Avg.   308 us, Total. 616.2 us (0.0%)
[Performance] CancelSplashScreenOnAssetChange.OnPreprocessAsset                                                                        :        2 samples, Peak.   387 us (2.0x), Avg.   197 us, Total. 393.8 us (0.0%)
[Performance] ShaderGraphAssetPostProcessor.OnPreprocessAsset                                                                          :        2 samples, Peak.   514 us (1.9x), Avg.   264 us, Total. 527.4 us (0.0%)
[Performance] VFXExternalShaderProcessor.OnPreprocessAsset                                                                             :        2 samples, Peak.   954 us (2.0x), Avg.   481 us, Total. 962.6 us (0.0%)
[Performance] UtilityWindowPostProcessor.OnPostprocessAllAssets                                                                        :        2 samples, Peak.  1.07 ms (1.0x), Avg.  1.06 ms, Total. 2.127 ms (0.0%)
[Performance] IOSResolver.OnPostprocessAllAssets                                                                                       :        2 samples, Peak.   577 us (1.0x), Avg.   574 us, Total. 1.148 ms (0.0%)
[Performance] PackageManagerResolver.OnPostprocessAllAssets                                                                            :        2 samples, Peak.  3.56 ms (1.0x), Avg.  3.56 ms, Total. 7.117 ms (0.0%)
[Performance] VersionHandlerImpl.OnPostprocessAllAssets                                                                                :        2 samples, Peak.  3.23 ms (1.0x), Avg.  3.22 ms, Total. 6.447 ms (0.0%)
[Performance] PlayServicesResolver.OnPostprocessAllAssets                                                                              :        2 samples, Peak.  1.36 ms (1.0x), Avg.  1.36 ms, Total. 2.723 ms (0.0%)
[Performance] Cache.OnPostprocessAllAssets                                                                                             :        2 samples, Peak.   219 us (1.0x), Avg.   216 us, Total. 432.3 us (0.0%)
[Performance] TMPro_TexturePostProcessor.OnPostprocessAllAssets                                                                        :        2 samples, Peak.   557 us (1.0x), Avg.   553 us, Total. 1.106 ms (0.0%)
[Performance] AssetPostprocessor.OnPostprocessAllAssets                                                                                :        2 samples, Peak.  1.31 ms (1.0x), Avg.  1.30 ms, Total. 2.607 ms (0.0%)
[Performance] BuilderAssetPostprocessor.OnPostprocessAllAssets                                                                         :        2 samples, Peak.  3.35 ms (1.0x), Avg.  3.35 ms, Total. 6.699 ms (0.0%)
[Performance] AddressablesAssetPostProcessor.OnPostprocessAllAssets                                                                    :        2 samples, Peak.  1.95 ms (1.0x), Avg.  1.94 ms, Total. 3.883 ms (0.0%)
[Performance] ArtifactBrowserPostProcessor.OnPostprocessAllAssets                                                                      :        2 samples, Peak.   820 us (1.0x), Avg.   817 us, Total. 1.633 ms (0.0%)
[Performance] AssetEvents.OnPostprocessAllAssets                                                                                       :        4 samples, Peak.   326 us (1.5x), Avg.   217 us, Total. 866.9 us (0.0%)
[Performance] AudioMixerPostprocessor.OnPostprocessAllAssets                                                                           :        2 samples, Peak.   523 us (1.0x), Avg.   521 us, Total. 1.042 ms (0.0%)
[Performance] StyleCatalogPostProcessor.OnPostprocessAllAssets                                                                         :        2 samples, Peak.  43.7 ms (1.0x), Avg.  43.7 ms, Total. 87.48 ms (0.1%)
[Performance] BuildCatalog                                                                                                             :        1 samples, Peak.  42.3 ms (1.0x), Avg.  42.3 ms, Total. 42.34 ms (0.0%)
[Performance] ModelImporterPostProcessor.OnPostprocessAllAssets                                                                        :        2 samples, Peak.  2.06 ms (1.0x), Avg.  2.06 ms, Total. 4.115 ms (0.0%)
[Performance] MaterialPostprocessor.OnPostprocessAllAssets                                                                             :        4 samples, Peak.  1.23 ms (1.1x), Avg.  1.07 ms, Total. 4.283 ms (0.0%)
[Performance] CubeLutAssetImporter.OnPostprocessAllAssets                                                                              :        2 samples, Peak.   500 us (1.0x), Avg.   498 us, Total. 995.2 us (0.0%)
[Performance] RetainedModeAssetPostprocessor.OnPostprocessAllAssets                                                                    :        2 samples, Peak.  3.43 ms (1.0x), Avg.  3.43 ms, Total. 6.858 ms (0.0%)
[Performance] AssetChangedListener.OnPostprocessAllAssets                                                                              :        2 samples, Peak.  1.96 ms (1.0x), Avg.  1.96 ms, Total. 3.914 ms (0.0%)
[Performance] PostProcessor.OnPostprocessAllAssets                                                                                     :        2 samples, Peak.   469 us (1.0x), Avg.   466 us, Total. 931.8 us (0.0%)
[Performance] ShaderGraphAssetPostProcessor.OnPostprocessAllAssets                                                                     :        2 samples, Peak.  2.37 ms (1.0x), Avg.  2.37 ms, Total. 4.735 ms (0.0%)
[Performance] SpeedTreePostProcessor.OnPostprocessAllAssets                                                                            :        2 samples, Peak.   291 us (1.0x), Avg.   287 us, Total. 574.6 us (0.0%)
[Performance] TextAssetPostProcessor.OnPostprocessAllAssets                                                                            :        2 samples, Peak.   606 us (1.0x), Avg.   604 us, Total. 1.208 ms (0.0%)
[Performance] AssetProcessor.OnPostprocessAllAssets                                                                                    :        6 samples, Peak.  1.20 ms (1.6x), Avg.   755 us, Total. 4.527 ms (0.0%)
[Performance] SpriteEditorTexturePostprocessor.OnPostprocessAllAssets                                                                  :        2 samples, Peak.   459 us (1.0x), Avg.   457 us, Total. 913.3 us (0.0%)
[Performance] VFXGraphPreprocessor.OnPostprocessAllAssets                                                                              :        2 samples, Peak.  1.95 ms (1.0x), Avg.  1.94 ms, Total. 3.882 ms (0.0%)
[Performance] AssetPathToTypes.OnPostprocessAllAssets                                                                                  :        2 samples, Peak.   580 us (1.0x), Avg.   577 us, Total. 1.154 ms (0.0%)
[Performance] LocalizationAssetPostProcessor.OnPostprocessAllAssets                                                                    :        2 samples, Peak.  1.76 ms (1.0x), Avg.  1.76 ms, Total. 3.511 ms (0.0%)
[Performance] GenerateAssemblyTypeInfos                                                                                                :        2 samples, Peak.  71.5 ms (1.2x), Avg.  58.4 ms, Total. 116.8 ms (0.1%)
[Performance] AssetDatabase.Refresh                                                                                                    :        1 samples, Peak.  16.3 ms (1.0x), Avg.  16.3 ms, Total. 16.28 ms (0.0%)
[Performance] Application.Shutdown.SaveDefaultWindowPreferences                                                                        :        1 samples, Peak.   213 us (1.0x), Avg.   213 us, Total. 212.8 us (0.0%)
[Performance] Application.Shutdown.SaveSceneManagerSetup                                                                               :        1 samples, Peak.   517 us (1.0x), Avg.   517 us, Total. 517.2 us (0.0%)
[Performance] Application.Shutdown.CleanupAllContainerWindows                                                                          :        1 samples, Peak.   600 ns (1.0x), Avg.   600 ns, Total. 600.0 ns (0.0%)
[Performance] EditorApplication.quitting: Unity.Burst.Editor.BurstLoader.OnEditorApplicationQuitting                                   :        1 samples, Peak.   127 us (1.0x), Avg.   127 us, Total. 126.9 us (0.0%)
[Performance] EditorApplication.quitting: io.github.hatayama.uLoopMCP.McpServerController.OnEditorQuitting                             :        1 samples, Peak.  7.24 ms (1.0x), Avg.  7.24 ms, Total. 7.236 ms (0.0%)
[Performance] EditorApplication.quitting: UnityEditor.Tilemaps.SceneViewGridManager.EditorQuitting                                     :        1 samples, Peak.   402 us (1.0x), Avg.   402 us, Total. 402.0 us (0.0%)
[Performance] EditorApplication.quitting: io.github.hatayama.uLoopMCP.SharedRoslynCompilerWorkerHost.ShutdownForQuit                   :        1 samples, Peak.  1.22 ms (1.0x), Avg.  1.22 ms, Total. 1.218 ms (0.0%)
[Performance] EditorApplication.quitting: callback in UnityEditor.TextCore.Text.EditorEventCallbacks                                   :        1 samples, Peak.   105 ms (1.0x), Avg.   105 ms, Total. 105.5 ms (0.1%)
[Performance] Killing ADB server                                                                                                       :        1 samples, Peak.  95.3 ms (1.0x), Avg.  95.3 ms, Total. 95.33 ms (0.1%)
[Performance] Application.Shutdown.PauseProfilerSession                                                                                :        1 samples, Peak.  62.9 us (1.0x), Avg.  62.9 us, Total. 62.90 us (0.0%)
[Performance] Application.Shutdown.PauseAssetImportWorkers                                                                             :        1 samples, Peak.   746 us (1.0x), Avg.   746 us, Total. 745.6 us (0.0%)
[Performance] Application.Shutdown.SaveAssets                                                                                          :        1 samples, Peak.  12.9 ms (1.0x), Avg.  12.9 ms, Total. 12.93 ms (0.0%)
[Performance] Application.Shutdown.CleanupRenderPipeline                                                                               :        1 samples, Peak.  10.4 us (1.0x), Avg.  10.4 us, Total. 10.40 us (0.0%)
[Performance] Application.Shutdown.StopPreloadManager                                                                                  :        1 samples, Peak.  9.65 ms (1.0x), Avg.  9.65 ms, Total. 9.646 ms (0.0%)
[Performance] Application.Shutdown.DestroyWorld                                                                                        :        1 samples, Peak.  1.30 ms (1.0x), Avg.  1.30 ms, Total. 1.301 ms (0.0%)
[Performance] Application.Shutdown.CleanupAfterLoad                                                                                    :        1 samples, Peak.   526 ms (1.0x), Avg.   526 ms, Total. 526.1 ms (0.5%)
[Performance] Application.Shutdown.Progress                                                                                            :        1 samples, Peak.  17.9 us (1.0x), Avg.  17.9 us, Total. 17.90 us (0.0%)
[Performance] Application.Shutdown.GICleanupManagers                                                                                   :        1 samples, Peak.   620 us (1.0x), Avg.   620 us, Total. 620.0 us (0.0%)
[Performance] Application.Shutdown.MenuCleanupClass                                                                                    :        1 samples, Peak.   640 us (1.0x), Avg.   640 us, Total. 640.1 us (0.0%)
[Performance] Application.Shutdown.ADBSaveStateBeforeShutdown                                                                          :        1 samples, Peak.  9.30 us (1.0x), Avg.  9.30 us, Total. 9.300 us (0.0%)
[Performance] Application.Shutdown.RemoteShutdown                                                                                      :        1 samples, Peak.   900 ns (1.0x), Avg.   900 ns, Total. 900.0 ns (0.0%)
[Performance] Application.Shutdown.CleanupVCProvider                                                                                   :        1 samples, Peak.  18.4 us (1.0x), Avg.  18.4 us, Total. 18.40 us (0.0%)
[Performance] Application.Shutdown.InputShutdown                                                                                       :        1 samples, Peak.   500 ns (1.0x), Avg.   500 ns, Total. 500.0 ns (0.0%)
[Performance] Application.Shutdown.GizmoManagerDestroy                                                                                 :        1 samples, Peak.  1.58 ms (1.0x), Avg.  1.58 ms, Total. 1.584 ms (0.0%)
[Performance] Application.Shutdown.ProfilerSession                                                                                     :        1 samples, Peak.   399 us (1.0x), Avg.   399 us, Total. 398.5 us (0.0%)
[Performance] Application.Shutdown.ReleaseGfxWindowOnAllGUIViews                                                                       :        1 samples, Peak.   600 ns (1.0x), Avg.   600 ns, Total. 600.0 ns (0.0%)
[Performance] Application.Shutdown.CleanupEngine                                                                                       :        1 samples, Peak.   138 ms (1.0x), Avg.   138 ms, Total. 137.8 ms (0.1%)
[Performance] Application.Shutdown.CleanupAssetDatabase                                                                                :        1 samples, Peak.  44.2 ms (1.0x), Avg.  44.2 ms, Total. 44.20 ms (0.0%)
[Performance] Application.Shutdown.ScriptCompilationCleanUp                                                                            :        1 samples, Peak.  12.7 ms (1.0x), Avg.  12.7 ms, Total. 12.72 ms (0.0%)
[Performance] Application.Shutdown.DestroyJobSystem                                                                                    :        1 samples, Peak.   246 us (1.0x), Avg.   246 us, Total. 246.3 us (0.0%)
[Performance] Application.Shutdown.CleanupPersistentManager                                                                            :        1 samples, Peak.  3.48 ms (1.0x), Avg.  3.48 ms, Total. 3.478 ms (0.0%)
[Performance] Application.Shutdown.CleanupAsyncReadManager                                                                             :        1 samples, Peak.   361 us (1.0x), Avg.   361 us, Total. 361.2 us (0.0%)
[Performance] Application.Shutdown.CleanupProgressBar                                                                                  :        1 samples, Peak.   400 ns (1.0x), Avg.   400 ns, Total. 400.0 ns (0.0%)
[Performance] Application.Shutdown.CleanupMono                                                                                         :        1 samples, Peak.   249 ms (1.0x), Avg.   249 ms, Total. 248.5 ms (0.3%)
[Performance] Application.Shutdown.CleanupStdConverters                                                                                :        1 samples, Peak.  11.8 us (1.0x), Avg.  11.8 us, Total. 11.80 us (0.0%)
[Performance] Application.Shutdown.UnloadAllPlatformSupportModuleNativeDlls                                                            :        1 samples, Peak.   700 ns (1.0x), Avg.   700 ns, Total. 700.0 ns (0.0%)
[Performance] Application.Shutdown.UnloadAllPlatformSupportNativeLibraries                                                             :        1 samples, Peak.  1.51 s (1.0x), Avg.  1.51 s, Total. 1.511 s (1.5%)
[Performance] Application.Shutdown.CleanupAutoDocumentation                                                                            :        1 samples, Peak.  1.85 ms (1.0x), Avg.  1.85 ms, Total. 1.852 ms (0.0%)
[Performance] Application.Shutdown.ShaderNameManagerDestroy                                                                            :        1 samples, Peak.   206 us (1.0x), Avg.   206 us, Total. 206.2 us (0.0%)
[Performance] Application.Shutdown.CleanupCacheServer                                                                                  :        1 samples, Peak.   900 ns (1.0x), Avg.   900 ns, Total. 900.0 ns (0.0%)
[Performance] Application.Shutdown.Virtualization_Shutdown                                                                             :        1 samples, Peak.  1000 ns (1.0x), Avg.  1000 ns, Total. 1000.0 ns (0.0%)
[Performance] Application.Shutdown.DevConnections                                                                                      :        1 samples, Peak.   337 us (1.0x), Avg.   337 us, Total. 337.3 us (0.0%)
Checking for leaked weakptr:
  Found no leaked weakptrs.
[Package Manager] Server::Kill -- Server was shutdown
Memory Statistics:
[ALLOC_TEMP_TLS] TLS Allocator
  StackAllocators : 
    [ALLOC_TEMP_CurlRequest]
      Initial Block Size 64.0 KB
      Current Block Size 64.0 KB
      Peak Allocated Bytes 0 B
      Overflow Count 0
    [ALLOC_TEMP_MAIN]
      Initial Block Size 16.0 MB
      Current Block Size 45.9 MB
      Peak Allocated Bytes 42.7 MB
      Overflow Count 0
    [ALLOC_TEMP_Background Job.Worker 8]
      Initial Block Size 32.0 KB
      Current Block Size 32.0 KB
      Peak Allocated Bytes 54 B
      Overflow Count 0
    [ALLOC_TEMP_Job.Worker 4]
      Initial Block Size 256.0 KB
      Current Block Size 268.0 KB
      Peak Allocated Bytes 264.9 KB
      Overflow Count 1
    [ALLOC_TEMP_AUDIO_FMOD mixer thread]
      Initial Block Size 64.0 KB
      Current Block Size 64.0 KB
      Peak Allocated Bytes 54 B
      Overflow Count 0
    [ALLOC_TEMP_Background Job.Worker 11]
      Initial Block Size 32.0 KB
      Current Block Size 32.0 KB
      Peak Allocated Bytes 54 B
      Overflow Count 0
    [ALLOC_TEMP_Background Job.Worker 3]
      Initial Block Size 32.0 KB
      Current Block Size 32.0 KB
      Peak Allocated Bytes 54 B
      Overflow Count 0
    [ALLOC_TEMP_BatchDeleteObjects]
      Initial Block Size 64.0 KB
      Current Block Size 64.0 KB
      Peak Allocated Bytes 54 B
      Overflow Count 0
    [ALLOC_TEMP_CoreBusinessMetricsCache]
      Initial Block Size 64.0 KB
      Current Block Size 64.0 KB
      Peak Allocated Bytes 8.0 KB
      Overflow Count 0
    [ALLOC_TEMP_REST Message Handler]
      Initial Block Size 64.0 KB
      Current Block Size 64.0 KB
      Peak Allocated Bytes 54 B
      Overflow Count 0
    [ALLOC_TEMP_AssetDatabase.IOService]
      Initial Block Size 64.0 KB
      Current Block Size 64.0 KB
      Peak Allocated Bytes 54 B
      Overflow Count 0
    [ALLOC_TEMP_Background Job.Worker 2]
      Initial Block Size 32.0 KB
      Current Block Size 32.0 KB
      Peak Allocated Bytes 1.5 KB
      Overflow Count 0
    [ALLOC_TEMP_Loading.PreloadManager]
      Initial Block Size 32.0 MB
      Current Block Size 32.0 MB
      Peak Allocated Bytes 2.0 MB
      Overflow Count 0
    [ALLOC_TEMP_Profiler.Dispatcher]
      Initial Block Size 64.0 KB
      Current Block Size 64.0 KB
      Peak Allocated Bytes 0 B
      Overflow Count 0
    [ALLOC_TEMP_Job.Worker 3]
      Initial Block Size 256.0 KB
      Current Block Size 268.0 KB
      Peak Allocated Bytes 267.7 KB
      Overflow Count 1
    [ALLOC_TEMP_Background Job.Worker 5]
      Initial Block Size 32.0 KB
      Current Block Size 32.0 KB
      Peak Allocated Bytes 54 B
      Overflow Count 0
    [ALLOC_TEMP_Background Job.Worker 13]
      Initial Block Size 32.0 KB
      Current Block Size 32.0 KB
      Peak Allocated Bytes 54 B
      Overflow Count 0
    [ALLOC_TEMP_Job.Worker 2]
      Initial Block Size 256.0 KB
      Current Block Size 1.0 MB
      Peak Allocated Bytes 1.0 MB
      Overflow Count 1
    [ALLOC_TEMP_Job.Worker 0]
      Initial Block Size 256.0 KB
      Current Block Size 268.0 KB
      Peak Allocated Bytes 264.9 KB
      Overflow Count 0
    [ALLOC_TEMP_Job.Worker 5]
      Initial Block Size 256.0 KB
      Current Block Size 268.0 KB
      Peak Allocated Bytes 264.9 KB
      Overflow Count 1
    [ALLOC_TEMP_Background Job.Worker 9]
      Initial Block Size 32.0 KB
      Current Block Size 32.0 KB
      Peak Allocated Bytes 54 B
      Overflow Count 0
    [ALLOC_TEMP_EnlightenWorker] x 8
      Initial Block Size 64.0 KB
      Current Block Size 64.0 KB
      Peak Allocated Bytes 54 B
      Overflow Count 0
    [ALLOC_TEMP_DirMonitor]
      Initial Block Size 64.0 KB
      Current Block Size 64.0 KB
      Peak Allocated Bytes 0.8 KB
      Overflow Count 0
    [ALLOC_TEMP_Job.Worker 6]
      Initial Block Size 256.0 KB
      Current Block Size 268.0 KB
      Peak Allocated Bytes 264.6 KB
      Overflow Count 0
    [ALLOC_TEMP_BakingJobs.Worker 1]
      Initial Block Size 256.0 KB
      Current Block Size 256.0 KB
      Peak Allocated Bytes 54 B
      Overflow Count 0
    [ALLOC_TEMP_Loading.AsyncRead]
      Initial Block Size 64.0 KB
      Current Block Size 64.0 KB
      Peak Allocated Bytes 128 B
      Overflow Count 0
    [ALLOC_TEMP_Background Job.Worker 10]
      Initial Block Size 32.0 KB
      Current Block Size 32.0 KB
      Peak Allocated Bytes 54 B
      Overflow Count 0
    [ALLOC_TEMP_Background Job.Worker 6]
      Initial Block Size 32.0 KB
      Current Block Size 32.0 KB
      Peak Allocated Bytes 54 B
      Overflow Count 0
    [ALLOC_TEMP_AUDIO_FMOD (WASAPI) feeder thread]
      Initial Block Size 64.0 KB
      Current Block Size 64.0 KB
      Peak Allocated Bytes 168 B
      Overflow Count 0
    [ALLOC_TEMP_Background Job.Worker 1]
      Initial Block Size 32.0 KB
      Current Block Size 256.0 KB
      Peak Allocated Bytes 211.3 KB
      Overflow Count 1885
    [ALLOC_TEMP_AUDIO_FMOD stream thread]
      Initial Block Size 64.0 KB
      Current Block Size 64.0 KB
      Peak Allocated Bytes 54 B
      Overflow Count 0
    [ALLOC_TEMP_BakingJobs.Worker 2]
      Initial Block Size 256.0 KB
      Current Block Size 256.0 KB
      Peak Allocated Bytes 54 B
      Overflow Count 0
    [ALLOC_TEMP_Background Job.Worker 7]
      Initial Block Size 32.0 KB
      Current Block Size 32.0 KB
      Peak Allocated Bytes 54 B
      Overflow Count 0
    [ALLOC_TEMP_Background Job.Worker 15]
      Initial Block Size 32.0 KB
      Current Block Size 32.0 KB
      Peak Allocated Bytes 54 B
      Overflow Count 0
    [ALLOC_TEMP_Job.Worker 1]
      Initial Block Size 256.0 KB
      Current Block Size 1.0 MB
      Peak Allocated Bytes 1.0 MB
      Overflow Count 1
    [ALLOC_TEMP_BakingJobs.Worker 0]
      Initial Block Size 256.0 KB
      Current Block Size 256.0 KB
      Peak Allocated Bytes 54 B
      Overflow Count 0
    [ALLOC_TEMP_BakingJobs.Worker 3]
      Initial Block Size 256.0 KB
      Current Block Size 256.0 KB
      Peak Allocated Bytes 54 B
      Overflow Count 0
    [ALLOC_TEMP_EditorTaskManager]
      Initial Block Size 64.0 KB
      Current Block Size 68.0 KB
      Peak Allocated Bytes 64.0 KB
      Overflow Count 0
    [ALLOC_TEMP_Background Job.Worker 12]
      Initial Block Size 32.0 KB
      Current Block Size 32.0 KB
      Peak Allocated Bytes 54 B
      Overflow Count 0
    [ALLOC_TEMP_HTTP REST Server]
      Initial Block Size 64.0 KB
      Current Block Size 64.0 KB
      Peak Allocated Bytes 76 B
      Overflow Count 0
    [ALLOC_TEMP_AssetGarbageCollectorHelper] x 7
      Initial Block Size 64.0 KB
      Current Block Size 64.0 KB
      Peak Allocated Bytes 0 B
      Overflow Count 0
    [ALLOC_TEMP_Background Job.Worker 0]
      Initial Block Size 32.0 KB
      Current Block Size 32.0 KB
      Peak Allocated Bytes 54 B
      Overflow Count 0
    [ALLOC_TEMP_Background Job.Worker 4]
      Initial Block Size 32.0 KB
      Current Block Size 32.0 KB
      Peak Allocated Bytes 54 B
      Overflow Count 0
    [ALLOC_TEMP_Background Job.Worker 14]
      Initial Block Size 32.0 KB
      Current Block Size 32.0 KB
      Peak Allocated Bytes 54 B
      Overflow Count 0
    [ALLOC_TEMP_CloudJob.Worker 0]
      Initial Block Size 32.0 KB
      Current Block Size 32.0 KB
      Peak Allocated Bytes 5.1 KB
      Overflow Count 0
[ALLOC_MEMORYPROFILER]
  Requested Block Size 1.0 MB
  Peak Block count 3
  Peak Allocated memory 1.5 MB
  Peak Large allocation bytes 0 B
[ALLOC_DEFAULT] Dual Thread Allocator
  Peak main deferred allocation count 1301
    [ALLOC_BUCKET]
      Large Block size 32.0 MB
      Used Block count 2
      Peak Allocated bytes 18.1 MB
    [ALLOC_DEFAULT_MAIN]
      Requested Block Size 16.0 MB
      Peak Block count 10
      Peak Allocated memory 226.4 MB
      Peak Large allocation bytes 99.1 MB
    [ALLOC_DEFAULT_THREAD]
      Requested Block Size 16.0 MB
      Peak Block count 1
      Peak Allocated memory 85.4 MB
      Peak Large allocation bytes 85.3 MB
[ALLOC_TEMP_JOB_1_FRAME]
  Initial Block Size 2.0 MB
  Used Block Count 0
  Overflow Count (too large) 0
  Overflow Count (full) 0
[ALLOC_TEMP_JOB_2_FRAMES]
  Initial Block Size 2.0 MB
  Used Block Count 0
  Overflow Count (too large) 0
  Overflow Count (full) 0
[ALLOC_TEMP_JOB_4_FRAMES (JobTemp)]
  Initial Block Size 2.0 MB
  Used Block Count 1
  Overflow Count (too large) 0
  Overflow Count (full) 0
[ALLOC_TEMP_JOB_ASYNC (Background)]
  Initial Block Size 1.0 MB
  Used Block Count 1
  Overflow Count (too large) 2
  Overflow Count (full) 0
[ALLOC_GFX] Dual Thread Allocator
  Peak main deferred allocation count 22
    [ALLOC_BUCKET]
      Large Block size 32.0 MB
      Used Block count 2
      Peak Allocated bytes 18.1 MB
    [ALLOC_GFX_MAIN]
      Requested Block Size 16.0 MB
      Peak Block count 1
      Peak Allocated memory 29.5 MB
      Peak Large allocation bytes 15.9 MB
    [ALLOC_GFX_THREAD]
      Requested Block Size 16.0 MB
      Peak Block count 0
      Peak Allocated memory 0 B
      Peak Large allocation bytes 0 B
[ALLOC_CACHEOBJECTS] Dual Thread Allocator
  Peak main deferred allocation count 580
    [ALLOC_BUCKET]
      Large Block size 32.0 MB
      Used Block count 2
      Peak Allocated bytes 18.1 MB
    [ALLOC_CACHEOBJECTS_MAIN]
      Requested Block Size 4.0 MB
      Peak Block count 31
      Peak Allocated memory 111.1 MB
      Peak Large allocation bytes 17.2 MB
    [ALLOC_CACHEOBJECTS_THREAD]
      Requested Block Size 4.0 MB
      Peak Block count 1
      Peak Allocated memory 33.4 KB
      Peak Large allocation bytes 0 B
[ALLOC_TYPETREE] Dual Thread Allocator
  Peak main deferred allocation count 695
    [ALLOC_BUCKET]
      Large Block size 32.0 MB
      Used Block count 2
      Peak Allocated bytes 18.1 MB
    [ALLOC_TYPETREE_MAIN]
      Requested Block Size 2.0 MB
      Peak Block count 24
      Peak Allocated memory 42.0 MB
      Peak Large allocation bytes 0 B
    [ALLOC_TYPETREE_THREAD]
      Requested Block Size 2.0 MB
      Peak Block count 1
      Peak Allocated memory 23.3 KB
      Peak Large allocation bytes 0 B
[ALLOC_PROFILER]
  Requested Block Size 16.0 MB
  Peak Block count 1
  Peak Allocated memory 495.2 KB
  Peak Large allocation bytes 0 B
    [ALLOC_PROFILER_BUCKET]
      Large Block size 32.0 MB
      Used Block count 1
      Peak Allocated bytes 7.9 KB
[ALLOC_PROFILER_EDITOR]
  Requested Block Size 1.0 MB
  Peak Block count 0
  Peak Allocated memory 0 B
  Peak Large allocation bytes 0 B
    [ALLOC_PROFILER_BUCKET]
      Large Block size 32.0 MB
      Used Block count 1
      Peak Allocated bytes 7.9 KB
##utp:{"type":"MemoryLeaks","version":2,"phase":"Immediate","time":1788415402099,"processId":67396,"allocatedMemory":36495502,"memoryLabels":[{"Default":20335},{"Permanent":15615},{"NewDelete":82776},{"Thread":4229076},{"Manager":29049},{"VertexData":12},{"Geometry":560},{"Texture":328},{"Shader":68850},{"Material":24},{"GfxDevice":57048},{"Animation":296},{"Audio":3928},{"FontEngine":272},{"Physics":513},{"Serialization":948},{"Input":14744},{"JobScheduler":33216},{"Mono":40},{"ScriptingNativeRuntime":191848},{"BaseObject":1627276},{"Resource":1360},{"Renderer":2304},{"Transform":16},{"File":18450},{"WebCam":96},{"Culling":40},{"Terrain":1137},{"Wind":24},{"STL":48},{"String":22328},{"DynamicArray":157487},{"HashMap":4835681},{"Utility":2661634},{"Curl":1424},{"PoolAlloc":1728},{"AI":104},{"TypeTree":5077},{"ScriptManager":640},{"RuntimeInitializeOnLoadManager":80},{"SpriteAtlas":128},{"GI":4072},{"Director":7960},{"CloudService":2032},{"WebRequest":688},{"VR":46081},{"SceneManager":568},{"Video":72},{"LazyScriptCache":40},{"NativeArray":12},{"Camera":25},{"Secure":1},{"SerializationCache":1584},{"APIUpdating":11872},{"Subsystems":392},{"VirtualTexturing":57896},{"StaticSafetyDebugInfo":327680},{"EditorGui":56},{"EditorUtility":35233},{"VersionControl":4},{"Undo":704},{"AssetDatabase":21863426},{"RestService":1414},{"EditorGi":376},{"License":3584},{"UnityConnect":25320},{"Collab":593},{"Upm":2032},{"DrivenProperties":96},{"LocalIPC":276},{"ProfilerEditor":10943},{"CoreBusinessMetrics":3850},{"AssetReference":40},{"IPCStream":40}]}
~StackAllocator(ALLOC_TEMP_MAIN) m_LastAlloc not NULL. Did you forget to call FreeAllStackAllocations()?
